,match,course_code,Compulsory
PBPL 20000,0,ECON 20000,True
PBPL 21800,0,ECON 19800,False
PBPL 22200,0,PBPL 20000,False
PBPL 23200,0,ECON 21000,False
PBPL 24500,0,ECON 20100,True
PBPL 24510,0,ECON 19800,False
PBPL 24510,1,PBPL 22200,True
PBPL 26200,0,PBPL 26200,True
PBPL 26300,0,PBPL 26200,True
PBPL 26300,1,PBPL 26200,True
PBPL 26530,0,ECON 20000,False
PBPL 26530,1,ECON 20100,False
PBPL 26530,2,PBPL 20000,False
PBPL 26530,3,PBPL 22200,False
PBPL 26530,4,STAT 22000,False
PBPL 26530,5,STAT 23400,False
PBPL 26530,6,PBPL 26400,False
PBPL 26530,7,ECON 20000,True
PBPL 26530,8,ECON 20100,True
PBPL 26531,0,ECON 20000,False
PBPL 26531,1,ECON 20100,False
PBPL 26531,2,PBPL 20000,False
PBPL 26531,3,PBPL 22200,False
PBPL 26531,4,STAT 22000,False
PBPL 26531,5,STAT 23400,False
PBPL 26531,6,PBPL 26400,False
PBPL 26531,7,ECON 20000,True
PBPL 26531,8,ECON 20100,True
PBPL 27040,0,PBPL 20000,False
PBPL 28270,0,ECON 19800,True
PBPL 28270,1,ECON 20000,False
PBPL 28270,2,PBPL 20000,False
PBPL 29000,0,ECON 20100,True
FNDL 21005,0,GREK 20300,False
FNDL 22211,0,FREN 20500,False
AANL 10102,0,AANL 10101,False
AANL 10103,0,AANL 10102,False
AANL 20302,0,AANL 20301,True
AKKD 10102,0,AKKD 10101,False
AKKD 10103,0,AKKD 10102,False
ARAB 10102,0,ARAB 10101,False
ARAB 10103,0,ARAB 10102,False
ARAB 10254,0,ARAB 10102,False
ARAB 20101,0,ARAB 10103,False
ARAB 20102,0,ARAB 20101,False
ARAB 20103,0,ARAB 20102,False
EGPT 10102,0,EGPT 10101,False
EGPT 10103,0,EGPT 10101,True
EGPT 10103,1,EGPT 10102,False
EGPT 20101,0,EGPT 10101,True
EGPT 20101,1,EGPT 10102,True
EGPT 20101,2,EGPT 10103,False
EGPT 20102,0,EGPT 10101,True
EGPT 20102,1,EGPT 10102,True
EGPT 20102,2,EGPT 10103,False
EGPT 20110,0,EGPT 10101,True
EGPT 20110,1,EGPT 10102,True
EGPT 20110,2,EGPT 10103,False
EGPT 20210,0,EGPT 10101,True
EGPT 20210,1,EGPT 10102,True
EGPT 20210,2,EGPT 10103,False
HEBR 10102,0,HEBR 10101,False
HEBR 10502,0,HEBR 10501,False
HEBR 10503,0,HEBR 10502,False
HEBR 20104,0,HEBR 10103,False
HEBR 20105,0,HEBR 20104,False
HEBR 20106,0,HEBR 20105,False
HEBR 20501,0,HEBR 10503,False
HEBR 20502,0,HEBR 20501,False
HEBR 20503,0,HEBR 20502,False
KAZK 10102,0,KAZK 10101,False
KAZK 10103,0,KAZK 10102,False
NEAA 20062,0,NEAA 20061,True
NEAA 20071,0,NEAA 20001,True
NELG 10200,0,MOGK 10100,False
NELG 10200,1,MOGK 30100,False
NELG 10300,0,MOGK 10200,False
NELG 10300,1,MOGK 30200,False
NELG 20100,0,MOGK 10300,False
PERS 20101,0,PERS 10103,False
PERS 20102,0,PERS 20101,False
PERS 20103,0,PERS 20202,False
TURK 20101,0,TURK 10103,False
PHSC 11300,0,PHSC 11100,False
PHSC 12610,0,PHSC 12600,False
PHSC 12610,1,PHSC 12700,True
PHSC 12710,0,PHSC 12600,False
PHSC 18100,0,PHSC 10000,True
PHSC 18200,0,PHSC 10000,True
PHSC 18300,0,PHSC 10000,True
GEOS 13300,0,MATH 13100,True
GEOS 13900,0,GEOS 13900,False
GEOS 13900,1,BIOS 13123,True
GEOS 13900,2,BIOS 10130,True
GEOS 13900,3,PHSC 11000,True
GEOS 13900,4,BIOS 12117,False
GEOS 13900,5,GEOS 13900,False
GEOS 13900,6,NTSC 10300,True
GEOS 13900,7,GEOS 27300,True
GEOS 21000,0,CHEM 11100,True
GEOS 21000,1,CHEM 11200,True
GEOS 21000,2,CHEM 11300,False
GEOS 21005,0,GEOS 21000,False
GEOS 21400,0,MATH 20000,True
GEOS 21400,1,MATH 20100,True
GEOS 21400,2,MATH 20200,True
GEOS 23800,0,CHEM 11100,True
GEOS 23800,1,CHEM 11200,False
GEOS 23805,0,CHEM 11100,True
GEOS 23805,1,CHEM 11200,True
GEOS 23805,2,CHEM 11300,False
GEOS 23805,3,CHEM 13100,True
GEOS 23805,4,CHEM 13200,True
GEOS 23805,5,CHEM 13300,False
GEOS 23900,0,CHEM 11101,True
GEOS 23900,1,CHEM 11201,False
GEOS 24220,0,PHYS 13300,True
GEOS 24240,0,GEOS 24230,False
GEOS 24240,1,PHYS 13100,False
GEOS 24240,2,PHYS 19700,False
GEOS 24240,3,MATH 20000,True
GEOS 24240,4,MATH 20100,True
GEOS 24240,5,MATH 20200,False
GEOS 24250,0,GEOS 24230,True
GEOS 24250,1,GEOS 24240,False
GEOS 26100,0,BIOS 20197,False
GEOS 26300,0,GEOS 13100,True
GEOS 26300,1,GEOS 13200,False
GEOS 26600,0,GEOS 13100,True
GEOS 26600,1,GEOS 13200,True
GEOS 26600,2,GEOS 13300,False
GEOS 26650,0,CHEM 11100,True
GEOS 26650,1,CHEM 11200,True
GEOS 26650,2,BIOS 20186,False
GEOS 26650,3,BIOS 20197,False
GEOS 26905,0,GEOS 13100,True
GEOS 26905,1,GEOS 13200,True
GEOS 26905,2,GEOS 13300,False
GEOS 26905,3,GEOS 20000,True
GEOS 27300,0,GEOS 13900,False
GEOS 27300,1,BIOS 13123,True
GEOS 27300,2,BIOS 10130,True
GEOS 27300,3,PHSC 11000,True
GEOS 27300,4,BIOS 12117,False
GEOS 27300,5,GEOS 13900,False
GEOS 27300,6,NTSC 10300,True
GEOS 27300,7,GEOS 27300,True
GEOS 28100,0,GEOS 13100,False
GEOS 28300,0,GEOS 13100,True
GEOS 28300,1,GEOS 13200,False
GEOS 28300,2,GEOS 23500,True
GEOS 29001,0,GEOS 13100,True
GEOS 29001,1,GEOS 13200,True
MATH 15200,0,MATH 15100,True
MATH 15300,0,MATH 15200,True
MATH 15900,0,MATH 15300,False
MATH 15910,0,MATH 15300,False
MATH 15910,1,MATH 13300,False
MATH 17500,0,MATH 16300,False
MATH 17500,1,MATH 15910,False
MATH 17500,2,MATH 15900,False
MATH 17600,0,MATH 16300,False
MATH 17600,1,MATH 15910,False
MATH 17600,2,MATH 15900,False
MATH 19520,0,MATH 13300,False
MATH 19520,1,MATH 15300,False
MATH 19620,0,MATH 13300,False
MATH 19620,1,MATH 15200,False
MATH 19620,2,MATH 16200,True
MATH 20000,0,MATH 13300,False
MATH 20000,1,MATH 15300,False
MATH 20000,2,MATH 19620,True
MATH 20100,0,MATH 20000,False
MATH 20100,1,MATH 19520,True
MATH 20250,0,MATH 16300,False
MATH 20250,1,MATH 15910,False
MATH 20250,2,MATH 15900,False
MATH 20300,0,MATH 16300,False
MATH 20300,1,MATH 15910,False
MATH 20300,2,MATH 15900,False
MATH 20400,0,MATH 20250,False
MATH 20500,0,MATH 20400,False
MATH 21100,0,MATH 20000,False
MATH 21100,1,MATH 20250,False
MATH 21200,0,MATH 20500,False
MATH 23500,0,STAT 25100,False
MATH 23500,1,STAT 25150,False
MATH 23500,2,STAT 24400,False
MATH 23500,3,MATH 20500,False
MATH 23500,4,MATH 20900,True
MATH 24100,0,MATH 25500,False
MATH 24200,0,MATH 25500,False
MATH 24300,0,MATH 25500,False
MATH 24300,1,MATH 25800,False
MATH 24400,0,MATH 20500,False
MATH 24400,1,MATH 25500,False
MATH 25400,0,MATH 20250,False
MATH 25500,0,MATH 25400,False
MATH 25700,0,MATH 20700,False
MATH 25700,1,MATH 20250,True
MATH 26200,0,MATH 20300,False
MATH 26200,1,MATH 20700,True
MATH 26200,2,MATH 25400,False
MATH 26700,0,MATH 25900,False
MATH 26800,0,MATH 25900,False
MATH 27000,0,MATH 20500,False
MATH 27200,0,MATH 20900,False
MATH 27300,0,MATH 20500,False
MATH 27300,1,MATH 20900,False
MATH 27500,0,MATH 27000,True
MATH 27700,0,MATH 25400,False
MATH 27700,1,MATH 25700,False
MATH 27700,2,CMSC 15400,True
MATH 27700,3,MATH 15910,False
MATH 27700,4,MATH 15900,False
MATH 27700,5,MATH 19900,False
MATH 27800,0,MATH 27700,False
MATH 27800,1,CMSC 27700,True
MATH 28000,0,CMSC 12300,False
MATH 28000,1,CMSC 15400,False
MATH 28000,2,MATH 15900,False
MATH 28000,3,MATH 25500,True
MATH 28100,0,CMSC 27100,False
MATH 28100,1,MATH 15900,False
MATH 28100,2,MATH 25500,True
MATH 28410,0,MATH 19900,False
MATH 28410,1,MATH 25400,False
MATH 28410,2,CMSC 27100,False
MATH 29520,0,MATH 25500,False
JWSC 20400,0,YDDH 10100,False
JWSC 20400,1,YDDH 37300,False
JWSC 20500,0,YDDH 10200,False
JWSC 20500,1,YDDH 37400,False
JWSC 22100,0,HEBR 10101,False
JWSC 22300,0,HEBR 10103,False
JWSC 22400,0,HEBR 20104,False
JWSC 22500,0,HEBR 20105,False
JWSC 25100,0,HEBR 10501,False
JWSC 25200,0,HEBR 10502,False
JWSC 25300,0,HEBR 10503,False
JWSC 25400,0,HEBR 20501,False
JWSC 25500,0,HEBR 20502,False
JWSC 25600,0,HEBR 20503,False
JWSC 25601,0,HEBR 20503,False
JWSC 25700,0,HEBR 20503,False
JWSC 25800,0,HEBR 20503,False
JWSC 27301,0,YDDH 10300,False
JWSC 27401,0,YDDH 10300,False
GREK 20100,0,GREK 10300,True
GREK 20100,1,GREK 11300,False
GREK 20200,0,GREK 20100,False
GREK 20300,0,GREK 20200,False
GREK 21200,0,GREK 20300,False
GREK 21300,0,GREK 20300,False
GREK 21700,0,GREK 20300,False
GREK 22400,0,GREK 20300,False
LATN 20100,0,LATN 10300,False
LATN 20100,1,LATN 11300,False
LATN 20200,0,LATN 20100,False
LATN 20300,0,LATN 20200,False
LATN 21700,0,LATN 20300,False
LATN 21800,0,LATN 20300,False
LATN 21900,0,LATN 20300,False
LATN 25000,0,LATN 20600,False
ANTH 21525,0,LATN 10000,True
ANTH 24102,0,SALC 20100,True
ANTH 24102,1,ANTH 24101,True
ANTH 24102,2,HIST 10800,True
ANTH 24102,3,SASC 20000,True
ANTH 26711,0,NEAA 20061,True
ANTH 28010,0,BIOS 10110,False
ANTH 28600,0,BIOS 10130,True
FREN 22210,0,FREN 20500,False
SPAN 21703,0,SPAN 20300,False
CRES 21903,0,SPAN 20300,False
LLSO 24000,0,PLSC 28800,False
LLSO 26201,0,ECON 19800,False
LLSO 26202,0,ECON 20100,True
NSCI 20120,0,NSCI 20110,True
NSCI 20120,1,MATH 13100,False
NSCI 20120,2,MATH 15100,False
NSCI 20130,0,NSCI 20110,True
NSCI 20130,1,NSCI 20120,False
NSCI 29101,0,NSCI 29100,True
NSCI 29102,0,NSCI 29100,True
NSCI 29201,0,NSCI 29200,True
NSCI 29202,0,NSCI 20201,True
SOSC 11200,0,SOSC 11100,True
SOSC 11300,0,SOSC 11200,True
SOSC 12200,0,SOSC 12100,True
SOSC 12300,0,SOSC 12200,True
SOSC 13200,0,SOSC 13100,True
SOSC 13300,0,SOSC 13200,True
SOSC 14200,0,SOSC 14100,True
SOSC 14300,0,SOSC 14200,True
SOSC 15200,0,SOSC 15100,True
SOSC 15300,0,SOSC 15200,True
SOSC 23100,0,SALC 20100,True
SOSC 23100,1,ANTH 24101,True
SOSC 23100,2,HIST 10800,True
SOSC 23100,3,SASC 20000,True
MUSI 24000,0,MUSI 26100,True
MUSI 25100,0,MUSI 15300,False
MUSI 25200,0,MUSI 15300,False
MUSI 25217,0,MUSI 15300,False
MUSI 25300,0,MUSI 15300,False
MUSI 25600,0,MUSI 15300,False
MUSI 25701,0,MUSI 15300,False
MUSI 25801,0,MUSI 15300,False
MUSI 26100,0,MUSI 14300,False
MUSI 26100,1,MUSI 15300,False
MUSI 26217,0,MUSI 15200,False
MUSI 26800,0,MUSI 15300,False
MUSI 26900,0,MUSI 15300,False
MUSI 27100,0,MUSI 14300,False
MUSI 27100,1,MUSI 15300,True
MUSI 27200,0,MUSI 14300,False
MUSI 27200,1,MUSI 15300,True
MUSI 27300,0,MUSI 14300,False
MUSI 27300,1,MUSI 15300,True
MUSI 28500,0,MUSI 15300,True
BCSN 20103,0,BCSN 10303,False
CZEC 20103,0,CZEC 10300,False
POLI 20103,0,POLI 10300,False
POLI 20303,0,POLI 10300,False
POLI 20500,0,POLI 20300,False
POLI 24200,0,POLI 30300,False
POLI 24300,0,POLI 30300,False
RUSS 20100,0,RUSS 10300,False
RUSS 20702,0,RUSS 20300,False
CHDV 14510,0,ECON 19800,False
CHDV 14510,1,PBPL 22200,True
CHDV 29900,0,CHDV 29800,True
TAPS 25500,0,TAPS 15500,True
TAPS 27900,0,ARTV 10100,True
TAPS 27900,1,ARTV 10200,False
TAPS 28000,0,TAPS 10700,False
TAPS 28414,0,ARTV 10100,True
TAPS 28414,1,ARTV 10200,False
TAPS 28448,0,ARTV 10100,True
TAPS 28448,1,ARTV 10200,False
PHYS 12100,0,MATH 13300,False
PHYS 12100,1,MATH 15300,False
PHYS 12100,2,MATH 16300,False
PHYS 12100,3,BIOS 20151,False
PHYS 12100,4,BIOS 20152,False
PHYS 12100,5,BIOS 20172,False
PHYS 12100,6,BIOS 20236,True
PHYS 12100,7,CHEM 11300,False
PHYS 12100,8,CHEM 12300,True
PHYS 13100,0,MATH 13100,True
PHYS 13100,1,MATH 13200,True
PHYS 13100,2,MATH 13300,False
PHYS 13100,3,MATH 15100,True
PHYS 13100,4,MATH 15200,True
PHYS 13100,5,MATH 15300,False
PHYS 13100,6,MATH 16100,True
PHYS 13100,7,MATH 16200,True
PHYS 13100,8,MATH 16300,True
PHYS 13100,9,MATH 15100,True
PHYS 13100,10,MATH 15200,True
PHYS 13100,11,MATH 15300,False
PHYS 13100,12,MATH 16100,True
PHYS 13100,13,MATH 16200,True
PHYS 13200,0,PHYS 13100,False
PHYS 13300,0,PHYS 13200,False
PHYS 15400,0,PHYS 14300,False
PHYS 15400,1,PHYS 13300,True
PHYS 18500,0,PHYS 13100,False
PHYS 18500,1,PHYS 14100,True
PHYS 18500,2,PHYS 22100,False
PHYS 19700,0,PHYS 23400,True
PHYS 19700,1,PHYS 22100,False
PHYS 22000,0,MATH 15200,False
PHYS 22000,1,MATH 16200,True
PHYS 22100,0,PHYS 14300,False
PHYS 22100,1,PHYS 13300,True
PHYS 22500,0,PHYS 13200,False
PHYS 22500,1,PHYS 14200,True
PHYS 22500,2,PHYS 22100,False
PHYS 22600,0,PHYS 12200,False
PHYS 22600,1,PHYS 13200,False
PHYS 23400,0,PHYS 15400,True
PHYS 23400,1,PHYS 22100,False
PHYS 23600,0,PHYS 23500,True
PHYS 24500,0,PHYS 22700,True
PHYS 25000,0,PHYS 13300,False
PHYS 26000,0,PHYS 18500,True
PHYS 26000,1,PHYS 22100,False
PHYS 26400,0,PHYS 18500,False
BIOS 24231,0,BIOS 26210,True
BIOS 24232,0,BIOS 26210,True
BIOS 24408,0,BIOS 26210,True
BIOS 24408,1,BIOS 26211,False
BIOS 26210,0,BIOS 20151,False
BIOS 26210,1,BIOS 20152,False
CHIN 10200,0,CHIN 10100,False
CHIN 10300,0,CHIN 10200,False
CHIN 11200,0,CHIN 11100,False
CHIN 11300,0,CHIN 11200,False
CHIN 20100,0,CHIN 10300,False
CHIN 20200,0,CHIN 20100,False
CHIN 20300,0,CHIN 20200,False
CHIN 20401,0,CHIN 20300,False
CHIN 20402,0,CHIN 20401,False
CHIN 20402,1,CHIN 30100,False
CHIN 20403,0,CHIN 20402,False
CHIN 20403,1,CHIN 30200,False
CHIN 20501,0,CHIN 30300,False
CHIN 20501,1,CHIN 20403,False
CHIN 20502,0,CHIN 41100,False
CHIN 20502,1,CHIN 20501,False
CHIN 20503,0,CHIN 41200,False
CHIN 20503,1,CHIN 20502,False
CHIN 20508,0,CHIN 21000,False
CHIN 20509,0,CHIN 40800,False
CHIN 20509,1,CHIN 20508,False
CHIN 20510,0,CHIN 40900,False
CHIN 20510,1,CHIN 20509,False
CHIN 20601,0,CHIN 41300,False
CHIN 20601,1,CHIN 20503,False
CHIN 20602,0,CHIN 51100,False
CHIN 20602,1,CHIN 20601,False
CHIN 20603,0,CHIN 51200,False
CHIN 20603,1,CHIN 20602,False
CHIN 20800,0,CHIN 20300,False
CHIN 20900,0,CHIN 20800,False
CHIN 21000,0,CHIN 20900,False
CHIN 21100,0,CHIN 11300,False
CHIN 21200,0,CHIN 21100,False
CHIN 21300,0,CHIN 21200,False
EALC 24614,0,CMST 10100,True
EALC 24614,1,ARTH 20000,True
EALC 24614,2,ENGL 10800,True
EALC 24614,3,ARTV 25300,False
JAPN 10200,0,JAPN 10100,False
JAPN 10300,0,JAPN 10200,False
JAPN 20100,0,JAPN 10300,False
JAPN 20200,0,JAPN 20100,False
JAPN 20300,0,JAPN 20200,False
JAPN 20401,0,JAPN 20300,False
JAPN 20402,0,JAPN 20401,False
JAPN 20402,1,JAPN 30100,False
JAPN 20403,0,JAPN 20402,False
JAPN 20403,1,JAPN 30200,False
JAPN 20500,0,JAPN 20403,False
JAPN 20500,1,JAPN 30300,False
JAPN 20600,0,JAPN 20500,False
JAPN 20600,1,JAPN 40500,False
JAPN 20700,0,JAPN 20600,False
JAPN 20700,1,JAPN 40600,False
JAPN 21200,0,JAPN 20100,False
JAPN 21300,0,JAPN 21200,False
KORE 10200,0,KORE 10100,False
KORE 10300,0,KORE 10200,False
KORE 20100,0,KORE 10300,False
KORE 20200,0,KORE 20100,False
KORE 20300,0,KORE 20200,False
KORE 20401,0,KORE 20300,False
KORE 20402,0,KORE 20401,False
KORE 20402,1,KORE 30100,False
KORE 20403,0,KORE 20402,False
KORE 20403,1,KORE 30200,False
KORE 22200,0,KORE 20403,False
KORE 22200,1,KORE 30300,False
KORE 22300,0,KORE 20403,False
KORE 22300,1,KORE 30300,False
KORE 23100,0,KORE 22100,False
KORE 23100,1,KORE 22200,False
GRMN 10200,0,GRMN 10100,False
GRMN 10300,0,GRMN 10200,False
GRMN 10300,1,GRMN 10201,False
GRMN 20100,0,GRMN 10300,False
GRMN 20200,0,GRMN 20100,False
GRMN 20300,0,GRMN 20200,False
GRMN 21103,0,GRMN 20300,False
GRMN 21203,0,GRMN 20300,False
GRMN 21303,0,GRMN 20300,False
GRMN 21403,0,GRMN 20300,False
NORW 10400,0,NORW 10300,False
YDDH 10200,0,YDDH 10100,False
YDDH 10200,1,YDDH 37300,False
YDDH 10300,0,YDDH 10200,False
YDDH 10300,1,YDDH 37400,False
CHEM 20100,0,CHEM 11100,True
CHEM 20100,1,CHEM 11200,True
CHEM 20100,2,CHEM 11300,False
CHEM 20100,3,CHEM 22000,True
CHEM 20100,4,CHEM 22100,False
CHEM 20100,5,CHEM 22100,False
CHEM 20200,0,CHEM 20100,True
CHEM 22000,0,CHEM 10100,True
CHEM 22000,1,CHEM 10200,True
CHEM 22000,2,CHEM 10300,False
CHEM 22000,3,CHEM 11100,True
CHEM 22000,4,CHEM 11200,True
CHEM 22000,5,CHEM 11300,False
CHEM 22000,6,CHEM 12100,True
CHEM 22000,7,CHEM 12200,True
CHEM 22000,8,CHEM 12300,True
CHEM 22100,0,CHEM 10100,True
CHEM 22100,1,CHEM 10200,True
CHEM 22100,2,CHEM 10300,False
CHEM 22100,3,CHEM 11100,True
CHEM 22100,4,CHEM 11200,True
CHEM 22100,5,CHEM 11300,False
CHEM 22100,6,CHEM 12100,True
CHEM 22100,7,CHEM 12200,True
CHEM 22100,8,CHEM 12300,True
CHEM 22200,0,CHEM 10100,True
CHEM 22200,1,CHEM 10200,True
CHEM 22200,2,CHEM 10300,False
CHEM 22200,3,CHEM 11100,True
CHEM 22200,4,CHEM 11200,True
CHEM 22200,5,CHEM 11300,False
CHEM 22200,6,CHEM 12100,True
CHEM 22200,7,CHEM 12200,True
CHEM 22200,8,CHEM 12300,True
CHEM 22700,0,CHEM 20100,True
CHEM 22700,1,CHEM 23300,False
CHEM 23000,0,CHEM 11100,True
CHEM 23000,1,CHEM 11200,True
CHEM 23000,2,CHEM 11300,False
CHEM 23100,0,CHEM 11100,True
CHEM 23100,1,CHEM 11200,True
CHEM 23100,2,CHEM 11300,False
CHEM 23200,0,CHEM 11100,True
CHEM 23200,1,CHEM 11200,True
CHEM 23200,2,CHEM 11300,False
CHEM 23200,3,CHEM 22000,False
CHEM 23300,0,CHEM 22200,False
CHEM 23300,1,CHEM 23200,False
CHEM 26100,0,CHEM 11300,False
CHEM 26100,1,MATH 20100,True
CHEM 26200,0,CHEM 11300,False
CHEM 26200,1,MATH 20100,True
CHEM 26300,0,CHEM 11300,False
CHEM 26300,1,MATH 20100,True
CHEM 26800,0,CHEM 26100,True
CHEM 26800,1,CHEM 26200,False
CHEM 26800,2,PHYS 19700,True
CHEM 30100,0,CHEM 20100,True
CHEM 30500,0,CHEM 20200,True
CHEM 30500,1,CHEM 26300,False
CHEM 30900,0,CHEM 20200,True
CHEM 30900,1,CHEM 22200,False
CHEM 31100,0,CHEM 20200,True
CHEM 31100,1,CHEM 22200,False
CHEM 32100,0,CHEM 22200,False
CHEM 32100,1,CHEM 23200,True
CHEM 32100,2,CHEM 26200,False
CHEM 32200,0,CHEM 22200,False
CHEM 32200,1,CHEM 23200,False
CHEM 32300,0,CHEM 22200,False
CHEM 32300,1,CHEM 23200,False
CHEM 32900,0,CHEM 22200,False
CHEM 32900,1,CHEM 23200,True
CHEM 33000,0,CHEM 22200,False
CHEM 33000,1,CHEM 23200,True
CHEM 33000,2,MATH 20100,False
CHEM 36300,0,CHEM 26100,True
CHEM 36400,0,CHEM 36300,False
CHEM 36800,0,CHEM 26100,True
CHEM 36800,1,CHEM 26200,False
CHEM 36800,2,PHYS 19700,True
CHEM 37200,0,CHEM 36400,False
CHEM 38700,0,CHEM 23300,True
CHEM 38700,1,CHEM 26200,True
PLSC 29200,0,PLSC 28800,False
HUMA 20711,0,HUMA 20710,False
HUMA 20712,0,HUMA 20710,False
HUMA 20713,0,HUMA 20710,False
ENST 12402,0,BIOS 10130,True
ENST 13106,0,BIOS 10110,False
ENST 13132,0,BIOS 10130,True
ENST 13300,0,MATH 13100,True
ENST 21800,0,ECON 19800,False
ENST 23900,0,CHEM 11101,True
ENST 23900,1,CHEM 11201,False
ENST 26530,0,ECON 20000,False
ENST 26530,1,ECON 20100,False
ENST 26530,2,PBPL 20000,False
ENST 26530,3,PBPL 22200,False
ENST 26530,4,STAT 22000,False
ENST 26530,5,STAT 23400,False
ENST 26530,6,PBPL 26400,False
ENST 26530,7,ECON 20000,True
ENST 26530,8,ECON 20100,True
ENST 26531,0,ECON 20000,False
ENST 26531,1,ECON 20100,False
ENST 26531,2,PBPL 20000,False
ENST 26531,3,PBPL 22200,False
ENST 26531,4,STAT 22000,False
ENST 26531,5,STAT 23400,False
ENST 26531,6,PBPL 26400,False
ENST 26531,7,ECON 20000,True
ENST 26531,8,ECON 20100,True
ENST 29000,0,ECON 20100,True
ARTV 21002,0,ARTV 10100,True
ARTV 21002,1,ARTV 10200,False
ARTV 21501,0,ARTV 10100,True
ARTV 21501,1,ARTV 10200,False
ARTV 21701,0,ARTV 10100,True
ARTV 21701,1,ARTV 10200,False
ARTV 21902,0,ARTV 10100,True
ARTV 21902,1,ARTV 10200,False
ARTV 22000,0,ARTV 10100,True
ARTV 22000,1,ARTV 10200,False
ARTV 22002,0,ARTV 10100,True
ARTV 22002,1,ARTV 10200,False
ARTV 22309,0,ARTV 10100,True
ARTV 22309,1,ARTV 10200,False
ARTV 22500,0,ARTV 10100,True
ARTV 22500,1,ARTV 10200,False
ARTV 22502,0,ARTV 10100,True
ARTV 22502,1,ARTV 10200,False
ARTV 23801,0,ARTV 10100,True
ARTV 23801,1,ARTV 10200,False
ARTV 23804,0,ARTV 10100,True
ARTV 23804,1,ARTV 10200,False
ARTV 23806,0,ARTV 10300,True
ARTV 23806,1,ARTV 23801,False
ARTV 23904,0,CMST 23930,True
ARTV 23904,1,CMST 23931,True
ARTV 23905,0,CMST 23930,True
ARTV 23905,1,CMST 23931,False
ARTV 23905,2,CMST 27600,True
ARTV 24000,0,ARTV 10100,True
ARTV 24000,1,ARTV 10200,False
ARTV 24112,0,ARTV 10100,True
ARTV 24112,1,ARTV 10200,False
ARTV 24112,2,ARTV 10300,True
ARTV 24112,3,ARTV 22200,False
ARTV 24201,0,ARTV 10100,True
ARTV 24201,1,ARTV 10200,False
ARTV 24301,0,ARTV 10100,True
ARTV 24301,1,ARTV 10200,False
ARTV 24403,0,ARTV 10100,True
ARTV 24403,1,ARTV 10200,False
ARTV 24403,2,ARTV 10300,True
ARTV 24403,3,ARTV 24000,True
ARTV 24550,0,ARTV 10100,True
ARTV 24550,1,ARTV 10200,False
ARTV 24703,0,ARTV 10100,True
ARTV 24703,1,ARTV 10200,False
ARTV 24705,0,ARTV 10100,True
ARTV 24705,1,ARTV 10200,False
ARTV 26214,0,ARTV 10100,True
ARTV 26214,1,ARTV 10200,False
ARTV 27200,0,ARTV 10100,True
ARTV 27200,1,ARTV 10200,False
ARTV 27200,2,ARTV 10300,True
ARTV 27200,3,ARTV 22000,False
ARTV 27210,0,ARTV 10100,True
ARTV 27210,1,ARTV 10200,False
ARTV 27210,2,ARTV 10300,True
ARTV 27210,3,ARTV 22000,False
ARTV 27210,4,ARTV 22002,False
ARTV 29700,0,ARTV 10100,True
ARTV 29700,1,ARTV 10200,False
ARTV 29700,2,ARTV 10300,True
GEOG 25800,0,NEAA 20061,True
GEOG 26600,0,ECON 20100,True
GEOG 28400,0,GEOG 28201,True
GEOG 28600,0,GEOG 28201,True
GEOG 28600,1,GEOG 38201,True
GEOG 28600,2,GEOG 28400,True
GEOG 29400,0,GEOG 20001,False
GEOG 29500,0,GEOG 20000,False
BANG 10200,0,BANG 10100,False
BANG 10300,0,BANG 10200,False
BANG 20100,0,BANG 10300,False
BANG 20200,0,BANG 20100,False
BANG 20300,0,BANG 20200,False
HIND 10200,0,HIND 10100,False
HIND 10300,0,HIND 10200,False
HIND 20100,0,HIND 10300,False
HIND 20200,0,HIND 20100,False
HIND 20300,0,HIND 20200,False
MARA 10200,0,MARA 10100,False
MARA 10300,0,MARA 10200,False
MARA 20100,0,MARA 10300,False
MARA 20200,0,MARA 20100,False
MARA 20300,0,MARA 20200,False
PALI 10200,0,PALI 10100,False
PALI 10300,0,PALI 10200,False
PALI 20100,0,PALI 10300,False
PALI 20200,0,PALI 20100,False
PALI 20300,0,PALI 20200,False
SALC 20200,0,SALC 20100,True
SALC 20200,1,ANTH 24101,True
SALC 20200,2,HIST 10800,True
SALC 20200,3,SASC 20000,True
SANS 10200,0,SANS 10100,False
SANS 10300,0,SANS 10200,False
SANS 20100,0,SANS 10300,False
SANS 20200,0,SANS 20100,False
SANS 20300,0,SANS 20200,False
TAML 10200,0,TAML 10100,False
TAML 10300,0,TAML 10200,False
TAML 20100,0,TAML 10300,False
TAML 20200,0,TAML 20100,False
TAML 20300,0,TAML 20200,False
TBTN 10200,0,TBTN 10100,False
TBTN 10300,0,TBTN 10200,False
TBTN 20100,0,TBTN 10300,False
TBTN 20200,0,TBTN 20100,False
TBTN 20300,0,TBTN 20200,False
URDU 10200,0,URDU 10100,False
URDU 10300,0,URDU 10200,False
URDU 20100,0,URDU 10300,False
URDU 20200,0,URDU 20100,False
URDU 20300,0,URDU 20200,False
BASQ 12100,0,BASQ 12000,False
BASQ 12200,0,BASQ 12100,False
LING 24960,0,LING 21300,False
LING 24960,1,LING 31300,False
LING 24960,2,LING 26310,False
LING 24960,3,LING 36310,False
LING 26310,0,LING 20001,False
LING 28381,0,LING 28380,False
LING 28600,0,CMSC 12200,True
LING 28600,1,CMSC 15200,False
LING 28600,2,CMSC 16200,False
MOGK 10200,0,MOGK 10100,False
MOGK 10200,1,MOGK 30100,False
MOGK 10300,0,MOGK 10200,False
MOGK 10300,1,MOGK 30200,False
MOGK 20100,0,MOGK 10300,False
SWAH 25300,0,SWAH 25200,False
SWAH 25400,0,SWAH 25300,False
SWAH 26800,0,SWAH 25400,False
SWAH 26900,0,SWAH 26800,False
SWAH 27000,0,SWAH 26900,False
ASTR 12610,0,PHSC 12600,False
ASTR 12610,1,PHSC 12700,True
ASTR 12710,0,PHSC 12600,False
ASTR 18100,0,PHSC 10000,True
ASTR 18200,0,PHSC 10000,True
ASTR 18300,0,PHSC 10000,True
ASTR 20000,0,PHSC 10000,True
ASTR 24100,0,PHYS 23400,False
ASTR 24200,0,ASTR 24100,False
ASTR 28200,0,ASTR 24100,True
ASTR 28200,1,ASTR 24200,False
BIOS 10450,0,BIOS 10130,True
BIOS 10451,0,BIOS 10450,True
BIOS 10501,0,BIOS 10500,True
BIOS 10602,0,MATH 13300,False
BIOS 10602,1,MATH 15300,False
BIOS 10602,2,MATH 16300,False
BIOS 10603,0,BIOS 10602,True
BIOS 11119,0,BIOS 10130,True
BIOS 11125,0,BIOS 10130,True
BIOS 11128,0,BIOS 10130,True
BIOS 11132,0,BIOS 10130,True
BIOS 11140,0,BIOS 10130,True
BIOS 12114,0,BIOS 10130,True
BIOS 12115,0,BIOS 10130,True
BIOS 12116,0,BIOS 10130,True
BIOS 12117,0,BIOS 10130,True
BIOS 12118,0,BIOS 10130,True
BIOS 12119,0,BIOS 10130,True
BIOS 13107,0,NTSC 10300,False
BIOS 13107,1,BIOS 10130,True
BIOS 13111,0,BIOS 10130,True
BIOS 13123,0,GEOS 13900,False
BIOS 13123,1,BIOS 13123,True
BIOS 13123,2,BIOS 10130,True
BIOS 13123,3,PHSC 11000,True
BIOS 13123,4,BIOS 12117,False
BIOS 13123,5,GEOS 13900,False
BIOS 13123,6,NTSC 10300,True
BIOS 13123,7,GEOS 27300,True
BIOS 13125,0,BIOS 10130,True
BIOS 13126,0,BIOS 10130,True
BIOS 13128,0,BIOS 10130,True
BIOS 13132,0,BIOS 10130,True
BIOS 13140,0,BIOS 10130,True
BIOS 13253,0,BIOS 10130,True
BIOS 14112,0,BIOS 10130,True
BIOS 14114,0,BIOS 10130,True
BIOS 14115,0,BIOS 10130,True
BIOS 15106,0,BIOS 10130,True
BIOS 15115,0,BIOS 10130,True
BIOS 15123,0,BIOS 10130,True
BIOS 20173,0,BIOS 20170,True
BIOS 20173,1,BIOS 20171,True
BIOS 20173,2,BIOS 20172,True
BIOS 20175,0,BIOS 20170,True
BIOS 20175,1,BIOS 20171,True
BIOS 20186,0,BIOS 20150,True
BIOS 20186,1,BIOS 20151,True
BIOS 20186,2,CHEM 10100,True
BIOS 20186,3,CHEM 10200,True
BIOS 20186,4,CHEM 10300,False
BIOS 20186,5,CHEM 11100,True
BIOS 20186,6,CHEM 11200,True
BIOS 20186,7,CHEM 11300,False
BIOS 20186,8,CHEM 12100,True
BIOS 20186,9,CHEM 12200,True
BIOS 20186,10,CHEM 12300,True
BIOS 20191,0,BIOS 20189,True
BIOS 20196,0,BIOS 20150,True
BIOS 20196,1,BIOS 20151,False
BIOS 20200,0,CHEM 22000,True
BIOS 20200,1,CHEM 22100,False
BIOS 20236,0,BIOS 20234,True
BIOS 20242,0,BIOS 20236,False
BIOS 20242,1,BIOS 20189,False
BIOS 21206,0,BIOS 20182,True
BIOS 21206,1,BIOS 20192,True
BIOS 21206,2,BIOS 20187,False
BIOS 21237,0,BIOS 20189,True
BIOS 21237,1,BIPS 20190,False
BIOS 21237,2,BIOS 20235,False
BIOS 21358,0,BIOS 20200,True
BIOS 21358,1,BIOS 26210,True
BIOS 21358,2,BIOS 26211,False
BIOS 21415,0,BIOS 20186,True
BIOS 23232,0,BIOS 20185,False
BIOS 23232,1,BIOS 20197,False
BIOS 23233,0,BIOS 20185,False
BIOS 23233,1,BIOS 20197,True
BIOS 23254,0,BIOS 20184,False
BIOS 23254,1,BIOS 20185,False
BIOS 23261,0,GEOS 13100,True
BIOS 23261,1,GEOS 13200,False
BIOS 23262,0,GEOS 13100,True
BIOS 23262,1,GEOS 13200,False
BIOS 23262,2,GEOS 22300,False
BIOS 24205,0,BIOS 24204,False
BIOS 24206,0,BIOS 24205,False
BIOS 24217,0,BIOS 22100,True
BIOS 24217,1,BIOS 22200,False
BIOS 24218,0,BIOS 20200,True
BIOS 24218,1,BIOS 24204,False
BIOS 24231,0,BIOS 26210,True
BIOS 24232,0,BIOS 26210,True
BIOS 24249,0,BIOS 24203,False
BIOS 24408,0,BIOS 26210,True
BIOS 24408,1,BIOS 26211,False
BIOS 25126,0,BIOS 20186,False
BIOS 25126,1,BIOS 20234,False
BIOS 25206,0,BIOS 20186,False
BIOS 25206,1,BIOS 20234,False
BIOS 25260,0,BIOS 25206,True
BIOS 25266,0,BIOS 20200,False
BIOS 25266,1,BIOS 25256,False
BIOS 25310,0,BIOS 20186,True
BIOS 25310,1,BIOS 20187,True
BIOS 25326,0,BIOS 25108,True
BIOS 25419,0,HSTD 30700,False
BIOS 25419,1,HSTD 30900,False
BIOS 26120,0,BIOS 20172,False
BIOS 26210,0,BIOS 20151,False
BIOS 26210,1,BIOS 20152,False
BIOS 27710,0,BIOS 27711,True
BIOS 27710,1,BIOS 27713,True
BIOS 27710,2,BIOS 27714,False
BIOS 27710,3,BIOS 27715,True
BIOS 27711,0,BIOS 27710,True
BIOS 27711,1,BIOS 27713,True
BIOS 27711,2,BIOS 27714,False
BIOS 27711,3,BIOS 27715,True
BIOS 27712,0,BIOS 27710,True
BIOS 27712,1,BIOS 27713,True
BIOS 27712,2,BIOS 27714,False
BIOS 27712,3,BIOS 27715,True
BIOS 27713,0,BIOS 27710,True
BIOS 27713,1,BIOS 27711,True
BIOS 27713,2,BIOS 27712,True
BIOS 27714,0,BIOS 27710,True
BIOS 27714,1,BIOS 27711,True
BIOS 27714,2,BIOS 27712,True
BIOS 27715,0,BIOS 27710,True
BIOS 27715,1,BIOS 27711,True
BIOS 27715,2,BIOS 27712,True
BIOS 27810,0,STAT 22000,False
BIOS 28407,0,STAT 23400,False
BIOS 29326,0,PHYS 23500,True
GLST 29700,0,GLST 23101,True
GLST 29800,0,GLST 23101,True
SOCI 28070,0,ECON 19800,False
SOCI 28070,1,PBPL 22200,True
STAT 22000,0,MATH 13100,False
STAT 22200,0,STAT 22000,False
STAT 22200,1,STAT 23400,False
STAT 22200,2,STAT 24500,True
STAT 22400,0,STAT 22000,False
STAT 22400,1,STAT 23400,False
STAT 22400,2,STAT 24500,False
STAT 22400,3,PBHS 32100,True
STAT 22600,0,STAT 22000,False
STAT 22600,1,STAT 23400,False
STAT 22600,2,STAT 24500,True
STAT 22700,0,PBHS 32400,True
STAT 22700,1,STAT 22400,False
STAT 22700,2,STAT 24500,False
STAT 22810,0,PBHS 32100,False
STAT 22810,1,STAT 22000,False
STAT 23400,0,MATH 13300,True
STAT 23400,1,MATH 15300,False
STAT 24300,0,MATH 19520,False
STAT 24300,1,MATH 20000,False
STAT 24300,2,MATH 20500,False
STAT 24400,0,MATH 19520,False
STAT 24400,1,MATH 20000,False
STAT 24400,2,MATH 20500,False
STAT 24400,3,MATH 19620,False
STAT 24400,4,MATH 20250,False
STAT 24400,5,STAT 24300,False
STAT 24400,6,STAT 24500,True
STAT 24410,0,STAT 25100,True
STAT 24410,1,MATH 19520,False
STAT 24410,2,MATH 20000,False
STAT 24410,3,MATH 20500,False
STAT 24410,4,MATH 19620,False
STAT 24410,5,MATH 20250,False
STAT 24410,6,STAT 24300,False
STAT 24410,7,STAT 24500,True
STAT 24500,0,MATH 19520,False
STAT 24500,1,MATH 20000,False
STAT 24500,2,MATH 20500,False
STAT 24500,3,MATH 19620,False
STAT 24500,4,MATH 20250,False
STAT 24500,5,STAT 24300,False
STAT 24500,6,STAT 24400,False
STAT 24610,0,STAT 24300,True
STAT 25100,0,MATH 19520,True
STAT 25100,1,MATH 20000,True
STAT 25100,2,MATH 20500,False
STAT 25100,3,MATH 20900,True
STAT 25100,4,MATH 20000,False
STAT 25150,0,MATH 20500,False
STAT 25300,0,STAT 24400,False
STAT 26100,0,STAT 22400,True
STAT 27400,0,STAT 22400,True
STAT 27725,0,CMSC 15400,False
STAT 27725,1,CMSC 12300,True
STAT 27725,2,STAT 22000,False
STAT 27850,0,STAT 24400,False
STAT 28000,0,MATH 20500,False
STAT 28000,1,MATH 20800,True
STAT 28000,2,STAT 24300,False
STAT 28200,0,MATH 19520,True
STAT 28200,1,MATH 20000,False
STAT 28200,2,MATH 20400,False
STAT 28200,3,MATH 19620,False
STAT 28200,4,STAT 24300,False
ECON 14510,0,ECON 19800,False
ECON 14510,1,PBPL 22200,True
ECON 20000,0,MATH 13300,False
ECON 20000,1,MATH 15300,False
ECON 20000,2,MATH 16300,True
ECON 20000,3,ECON 19800,True
ECON 20010,0,MATH 13300,False
ECON 20010,1,MATH 15300,False
ECON 20010,2,MATH 16300,True
ECON 20010,3,ECON 19800,True
ECON 20100,0,ECON 20000,False
ECON 20110,0,ECON 20000,False
ECON 20200,0,ECON 20100,False
ECON 20210,0,ECON 20100,False
ECON 20300,0,ECON 20200,False
ECON 20310,0,ECON 20200,False
ECON 20710,0,ECON 20100,True
ECON 20710,1,MATH 20300,False
ECON 20770,0,ECON 20100,True
ECON 20770,1,MATH 20300,False
ECON 20800,0,ECON 20100,True
ECON 20800,1,MATH 20300,True
ECON 20900,0,ECON 20100,True
ECON 20900,1,STAT 24400,True
ECON 20900,2,STAT 24410,False
ECON 20900,3,STAT 24500,True
ECON 20900,4,MATH 20250,False
ECON 21000,0,ECON 20100,True
ECON 21000,1,STAT 23400,True
ECON 21000,2,MATH 19620,False
ECON 21000,3,MATH 20000,False
ECON 21000,4,STAT 24300,False
ECON 21100,0,ECON 20900,False
ECON 21110,0,ECON 20900,False
ECON 21150,0,ECON 20900,False
ECON 21200,0,ECON 20900,False
ECON 21410,0,ECON 20100,True
ECON 21410,1,ECON 20900,False
ECON 21800,0,ECON 20100,True
ECON 22650,0,ECON 19800,False
ECON 23000,0,ECON 20300,True
ECON 23000,1,ECON 21000,False
ECON 23200,0,ECON 20300,True
ECON 23220,0,ECON 20300,True
ECON 23220,1,ECON 21000,False
ECON 23330,0,ECON 20300,True
ECON 23410,0,ECON 20300,True
ECON 23410,1,ECON 20900,False
ECON 23620,0,ECON 20300,True
ECON 23620,1,ECON 20900,False
ECON 24000,0,ECON 20100,True
ECON 24030,0,ECON 20100,True
ECON 24030,1,ECON 21000,False
ECON 24450,0,ECON 20100,True
ECON 24450,1,ECON 21000,False
ECON 25000,0,ECON 20300,True
ECON 25000,1,STAT 23400,True
ECON 25100,0,ECON 20100,True
ECON 26020,0,ECON 21000,True
ECON 26530,0,ECON 20000,False
ECON 26530,1,ECON 20100,False
ECON 26530,2,PBPL 20000,False
ECON 26530,3,PBPL 22200,False
ECON 26530,4,STAT 22000,False
ECON 26530,5,STAT 23400,False
ECON 26530,6,PBPL 26400,False
ECON 26530,7,ECON 20000,True
ECON 26530,8,ECON 20100,True
ECON 26540,0,ECON 20000,False
ECON 26540,1,ECON 20100,False
ECON 26540,2,PBPL 20000,False
ECON 26540,3,PBPL 22200,False
ECON 26540,4,STAT 22000,False
ECON 26540,5,STAT 23400,False
ECON 26540,6,PBPL 26400,False
ECON 26540,7,ECON 20000,True
ECON 26540,8,ECON 20100,True
ECON 26600,0,ECON 20100,True
ECON 26800,0,ECON 20100,True
ECON 28100,0,ECON 20100,True
ECON 28700,0,ECON 21000,False
CMSC 10200,0,MATH 13100,False
CMSC 11000,0,MATH 13100,False
CMSC 11100,0,MATH 13100,False
CMSC 12100,0,MATH 15200,False
CMSC 12200,0,CMSC 12100,True
CMSC 12300,0,CMSC 12200,True
CMSC 15100,0,MATH 15100,False
CMSC 15100,1,MATH 13100,True
CMSC 15200,0,CMSC 15100,True
CMSC 15200,1,CMSC 16100,True
CMSC 15200,2,CMSC 12100,False
CMSC 15200,3,CMSC 10500,True
CMSC 15400,0,CMSC 15200,True
CMSC 15400,1,CMSC 16200,False
CMSC 15400,2,CMSC 12300,True
CMSC 16100,0,MATH 16100,False
CMSC 16200,0,CMSC 16100,False
CMSC 16200,1,CMSC 15100,True
CMSC 22001,0,CMSC 15400,True
CMSC 22010,0,CMSC 15400,True
CMSC 22100,0,CMSC 15400,True
CMSC 22200,0,CMSC 15400,True
CMSC 22300,0,CMSC 15100,False
CMSC 22311,0,CMSC 16100,True
CMSC 22311,1,CMSC 15400,False
CMSC 22630,0,CMSC 22100,True
CMSC 22630,1,CMSC 22600,False
CMSC 22630,2,CMSC 22610,True
CMSC 23000,0,CMSC 15400,True
CMSC 23000,1,CMSC 22200,True
CMSC 23000,2,CMSC 22600,True
CMSC 23000,3,CMSC 22610,True
CMSC 23000,4,CMSC 23300,True
CMSC 23000,5,CMSC 23400,True
CMSC 23000,6,CMSC 23500,True
CMSC 23000,7,CMSC 23700,True
CMSC 23000,8,CMSC 27310,False
CMSC 23010,0,CMSC 15400,True
CMSC 23010,1,CMSC 22200,True
CMSC 23010,2,CMSC 23000,True
CMSC 23010,3,CMSC 23300,True
CMSC 23200,0,CMSC 15400,True
CMSC 23300,0,CMSC 15400,True
CMSC 23400,0,CMSC 15400,True
CMSC 23400,1,CMSC 23000,False
CMSC 23500,0,CMSC 15400,True
CMSC 23700,0,CMSC 15400,True
CMSC 23710,0,CMSC 15400,True
CMSC 23800,0,CMSC 15400,True
CMSC 23800,1,CMSC 23700,True
CMSC 23800,2,CMSC 23000,True
CMSC 23800,3,CMSC 23300,True
CMSC 23800,4,CMSC 23500,True
CMSC 23900,0,CMSC 12200,True
CMSC 23900,1,CMSC 15200,False
CMSC 23900,2,CMSC 16200,True
CMSC 25020,0,CMSC 12200,True
CMSC 25020,1,CMSC 15200,False
CMSC 25020,2,CMSC 16200,False
CMSC 25025,0,CMSC 15400,False
CMSC 25025,1,CMSC 12200,True
CMSC 25025,2,STAT 22200,False
CMSC 25025,3,STAT 23400,False
CMSC 25400,0,CMSC 15400,False
CMSC 25400,1,CMSC 12300,True
CMSC 25400,2,STAT 22000,False
CMSC 27100,0,CMSC 12300,False
CMSC 27100,1,CMSC 15400,False
CMSC 27100,2,MATH 16300,False
CMSC 27130,0,CMSC 12300,False
CMSC 27130,1,CMSC 16300,False
CMSC 27200,0,CMSC 27100,False
CMSC 27200,1,CMSC 37110,False
CMSC 27230,0,CMSC 27100,False
CMSC 27230,1,CMSC 37110,False
CMSC 27410,0,MATH 15900,False
CMSC 27410,1,MATH 25400,False
CMSC 27410,2,CMSC 27100,False
CMSC 27500,0,CMSC 27100,False
CMSC 27500,1,MATH 20400,False
CMSC 27610,0,MATH 15200,False
CMSC 27610,1,CMSC 12200,False
CMSC 27610,2,CMSC 15200,False
CMSC 27610,3,CMSC 16200,True
CMSC 27700,0,MATH 25400,False
CMSC 27700,1,MATH 25700,False
CMSC 27700,2,CMSC 15400,True
CMSC 27700,3,MATH 15910,False
CMSC 27700,4,MATH 15900,False
CMSC 27700,5,MATH 19900,False
CMSC 27800,0,MATH 27700,False
CMSC 27800,1,CMSC 27700,True
CMSC 28000,0,CMSC 12300,False
CMSC 28000,1,CMSC 15400,False
CMSC 28000,2,MATH 15900,False
CMSC 28000,3,MATH 25500,True
CMSC 28100,0,CMSC 27100,False
CMSC 28100,1,MATH 15900,False
CMSC 28100,2,MATH 25500,True
CMSC 28501,0,MATH 20500,False
CMSC 28501,1,MATH 20900,True
CMSC 28501,2,CMSC 12200,False
CMSC 28501,3,CMSC 15200,False
CMSC 28501,4,CMSC 16200,True
HIST 10900,0,SALC 20100,True
HIST 10900,1,ANTH 24101,True
HIST 10900,2,HIST 10800,True
HIST 10900,3,SASC 20000,True
HIST 13003,0,HIST 13001,True
HIST 13600,0,HIST 13500,True
HIST 13700,0,HIST 13600,True
HIST 20403,0,GREK 20300,False
CMST 21019,0,CMST 10100,True
CMST 21019,1,ARTH 20000,True
CMST 21019,2,ENGL 10800,True
CMST 21019,3,ARTV 25300,False
CMST 23904,0,CMST 23930,True
CMST 23904,1,CMST 23931,True
CMST 23905,0,CMST 23930,True
CMST 23905,1,CMST 23931,False
CMST 23905,2,CMST 27600,True
CMST 23931,0,CMST 23930,False
CMST 24615,0,CMST 10100,True
CMST 24615,1,ARTH 20000,True
CMST 24615,2,ENGL 10800,True
CMST 24615,3,ARTV 25300,False
CMST 27220,0,CMST 10100,True
CMST 27220,1,ARTH 20000,True
CMST 27220,2,ENGL 10800,True
CMST 27220,3,ARTV 25300,False
CMST 27600,0,ARTV 10100,True
CMST 27600,1,ARTV 10200,False
CMST 28801,0,ARTV 10100,True
CMST 28801,1,ARTV 10200,False
CMST 28903,0,ARTV 10100,True
CMST 28903,1,ARTV 10200,False
CMST 29800,0,CMST 10100,True
ENSC 13300,0,MATH 13100,True
ENSC 23800,0,CHEM 11100,True
ENSC 23800,1,CHEM 11200,False
ENSC 23805,0,CHEM 11100,True
ENSC 23805,1,CHEM 11200,True
ENSC 23805,2,CHEM 11300,False
ENSC 23805,3,CHEM 13100,True
ENSC 23805,4,CHEM 13200,True
ENSC 23805,5,CHEM 13300,False
ENSC 23820,0,BIOS 27710,True
ENSC 23820,1,BIOS 27713,True
ENSC 23820,2,BIOS 27714,False
ENSC 23820,3,BIOS 27715,True
ENSC 23900,0,CHEM 11101,True
ENSC 23900,1,CHEM 11201,False
ENSC 24000,0,GEOS 13100,True
ENSC 24000,1,GEOS 13200,True
ENSC 24000,2,GEOS 13300,False
ENSC 24100,0,BIOS 27711,True
ENSC 24100,1,BIOS 27713,True
ENSC 24100,2,BIOS 27714,False
ENSC 24100,3,BIOS 27715,True
ENSC 24200,0,BIOS 27710,True
ENSC 24200,1,BIOS 27711,True
ENSC 24200,2,BIOS 27712,True
ENSC 24300,0,BIOS 27710,True
ENSC 24300,1,BIOS 27711,True
ENSC 24300,2,BIOS 27712,True
ENSC 24400,0,BIOS 20150,True
ENSC 24400,1,BIOS 20151,False
ENSC 24500,0,CHEM 11100,True
ENSC 24500,1,CHEM 11200,True
ENSC 24500,2,BIOS 20186,False
ENSC 24500,3,BIOS 20197,False
ENSC 28100,0,BIOS 27710,True
ENSC 28100,1,BIOS 27711,True
ENSC 28100,2,BIOS 27712,True
ENSC 29800,0,BIOS 27710,True
ENSC 29800,1,BIOS 27713,True
ENSC 29800,2,BIOS 27714,False
ENSC 29800,3,BIOS 27715,True
CRWR 12012,0,CRWR 10205,False
CRWR 12014,0,CRWR 10205,False
CRWR 22100,0,CRWR 10205,False
CRWR 22116,0,CRWR 10205,False
PSYC 24000,0,BIOS 24204,False
PSYC 24249,0,BIOS 24203,False
HIST 13003,0,HIST 13001,True
HIST 13600,0,HIST 13500,True
HIST 13700,0,HIST 13600,True
SALC 20200,0,SALC 20100,True
SALC 20200,1,ANTH 24101,True
SALC 20200,2,HIST 10800,True
SALC 20200,3,SASC 20000,True
MENG 23000,0,MATH 20000,True
MENG 23000,1,MATH 20100,False
MENG 23000,2,MATH 22000,False
MENG 23100,0,MATH 20000,True
MENG 23100,1,MATH 20100,False
MENG 23100,2,MATH 22000,False
MENG 23100,3,PHYS 22100,True
MENG 23100,4,CHEM 11300,False
MENG 23100,5,CHEM 12300,False
MENG 23100,6,PHYS 13300,False
MENG 23100,7,PHYS 14300,True
MENG 24100,0,MATH 20000,True
MENG 24100,1,MATH 20100,False
MENG 24100,2,MATH 22000,False
MENG 25000,0,MENG 20000,True
MENG 26010,0,MATH 20100,True
MENG 26010,1,MATH 20500,False
MENG 26010,2,PHYS 22100,True
MENG 26010,3,CHEM 11300,False
MENG 26020,0,PHYS 13300,False
MENG 26020,1,PHYS 14300,True
MENG 26020,2,MATH 20100,False
MENG 26020,3,PHYS 22100,False
MENG 26020,4,MATH 20500,False
MENG 26020,5,MATH 20900,True
MENG 26030,0,MENG 26010,False
MENG 27100,0,BIOS 20186,True
MENG 27100,1,BIOS 20187,True
MENG 27200,0,MENG 26030,True
MENG 27300,0,PHYS 19700,False
MENG 27300,1,CHEM 26100,False
MENG 29500,0,MENG 26202,True
MENG 29600,0,MENG 29700,False
CATA 11200,0,CATA 11100,True
CATA 11200,1,CATA 12200,False
CATA 21100,0,CATA 11200,True
CATA 21100,1,CATA 12300,False
CATA 29700,0,CATA 10300,False
CATA 29700,1,CATA 20200,True
FREN 10200,0,FREN 10100,False
FREN 10300,0,FREN 10200,False
FREN 20100,0,FREN 10300,False
FREN 20200,0,FREN 20100,False
FREN 20300,0,FREN 20200,False
FREN 20500,0,FREN 20300,False
FREN 20601,0,FREN 20300,False
FREN 21503,0,FREN 20500,False
FREN 21740,0,FREN 20500,False
FREN 23333,0,FREN 10200,False
FREN 23711,0,FREN 20500,True
FREN 29700,0,FREN 10300,False
FREN 29700,1,FREN 20300,True
ITAL 10200,0,ITAL 10100,False
ITAL 10300,0,ITAL 10200,False
ITAL 20100,0,ITAL 10300,False
ITAL 20200,0,ITAL 20100,False
ITAL 20300,0,ITAL 20200,False
ITAL 20400,0,ITAL 20300,True
ITAL 21100,0,ITAL 20300,False
ITAL 29700,0,ITAL 10300,False
ITAL 29700,1,ITAL 20300,True
PORT 10200,0,PORT 10100,False
PORT 10300,0,PORT 10200,False
PORT 12200,0,SPAN 20100,False
PORT 20100,0,PORT 10300,False
PORT 20200,0,PORT 20100,False
PORT 21500,0,PORT 20200,False
PORT 29700,0,PORT 10300,False
PORT 29700,1,PORT 20200,True
SPAN 10200,0,SPAN 10100,False
SPAN 10300,0,SPAN 10200,False
SPAN 20100,0,SPAN 10300,False
SPAN 20200,0,SPAN 20100,False
SPAN 20300,0,SPAN 20200,False
SPAN 20400,0,SPAN 20300,False
SPAN 20500,0,SPAN 20400,False
SPAN 21100,0,SPAN 20300,False
SPAN 21500,0,SPAN 20300,False
SPAN 21703,0,SPAN 20300,False
SPAN 21803,0,SPAN 20300,False
SPAN 21903,0,SPAN 20300,False
SPAN 22003,0,SPAN 20300,False
SPAN 23333,0,SPAN 10200,False
SPAN 28116,0,SPAN 20300,False
SPAN 29700,0,SPAN 10300,False
SPAN 29700,1,SPAN 20300,True
