,term1,term2,term3,term4
FNDL 20024,Winter,,,
FNDL 20301,Autumn,,,
FNDL 21005,Autumn,,,
FNDL 21203,Winter,,,
FNDL 21300,Spring,,,
FNDL 21320,Autumn,,,
FNDL 21603,Spring,,,
FNDL 21650,Autumn,,,
FNDL 21806,Spring,,,
FNDL 21809,Spring,,,
FNDL 22001,Autumn,,,
FNDL 22211,Winter,,,
FNDL 22220,Autumn,,,
FNDL 22309,Spring,,,
FNDL 22310,Spring,,,
FNDL 23107,Winter,,,
FNDL 24403,Spring,,,
FNDL 24410,Spring,,,
FNDL 24504,Spring,,,
FNDL 24612,Winter,,,
FNDL 24901,Spring,,,
FNDL 25100,Spring,,,
FNDL 25817,Spring,,,
FNDL 26206,Winter,,,
FNDL 27103,Autumn,,,
FNDL 27201,Winter,,,
FNDL 27517,Winter,,,
FNDL 27950,Spring,,,
FNDL 28202,Winter,,,
FNDL 28204,Spring,,,
FNDL 29901,Autumn, Winter, Spring,
FNDL 29902,Spring,,,
ARTH 10100,Autumn,Winter,Spring,
ARTH 14107,Autumn,,,
ARTH 14115,Autumn,,,
ARTH 14200,Winter,,,
ARTH 14215,Winter,,,
ARTH 14700,Winter,,,
ARTH 15600,Winter,Spring,,
ARTH 15680,Spring,,,
ARTH 15707,Spring,,,
ARTH 15709,Autumn,,,
ARTH 16100,Winter,,,
ARTH 16211,Spring,,,
ARTH 16413,Spring,,,
ARTH 16460,Spring,,,
ARTH 16709,Winter,,,
ARTH 16800,Winter,,,
ARTH 16910,Spring,,,
ARTH 17209,Winter,,,
ARTH 17310,Spring,,,
ARTH 17311,Spring,,,
ARTH 17610,Winter,,,
ARTH 17700,Spring,,,
ARTH 17708,Spring,,,
ARTH 17735,Winter,,,
ARTH 18000,Autumn,,,
ARTH 18202,Winter,,,
ARTH 18305,Spring,,,
ARTH 20201,Autumn,,,
ARTH 20506,Winter,,,
ARTH 20603,Autumn,,,
ARTH 21205,Spring,,,
ARTH 23310,Winter,,,
ARTH 23400,Autumn,,,
ARTH 24010,Winter,,,
ARTH 24110,Autumn,,,
ARTH 24350,Spring,,,
ARTH 24812,Spring,,,
ARTH 27304,Spring,,,
ARTH 27615,Winter,,,
ARTH 28500,Autumn,,,
ARTH 28600,Winter,,,
ARTH 29400,Spring,,,
ARTH 29600,Winter,,,
ARTH 29700,Autumn,Winter,Spring,
ARTH 29800,Autumn,,,
ARTH 29900,Autumn,Winter,Spring,
CMSC 10100,Winter,,,
CMSC 10200,Spring,,,
CMSC 11000,Spring,,,
CMSC 11100,Spring,,,
CMSC 11710,Spring,,,
CMSC 12100,Autumn,,,
CMSC 12200,Winter,,,
CMSC 12300,Spring,,,
CMSC 15100,Summer,Autumn,Winter,
CMSC 15200,Summer,Winter,Spring,
CMSC 15400,Autumn,Spring,,
CMSC 16100,Autumn,,,
CMSC 16200,Winter,,,
CMSC 22001,Spring,,,
CMSC 22010,Spring,,,
CMSC 22100,Spring,,,
CMSC 22200,Autumn,,,
CMSC 22300,Winter,,,
CMSC 22311,Spring,,,
CMSC 22600,Autumn,,,
CMSC 22630,Autumn,,,
CMSC 23000,Autumn,,,
CMSC 23010,Winter,,,
CMSC 23200,Autumn,,,
CMSC 23300,Winter,,,
CMSC 23310,Spring,,,
CMSC 23400,Winter,,,
CMSC 23500,Winter,,,
CMSC 23700,Autumn,,,
CMSC 23710,Winter,,,
CMSC 23800,Spring,,,
CMSC 23900,Spring,,,
CMSC 25020,Spring,,,
CMSC 25025,Spring,,,
CMSC 25400,Autumn,,,
CMSC 27100,Autumn,Winter,,
CMSC 27130,Autumn,,,
CMSC 27200,Winter,Spring,,
CMSC 27230,Spring,,,
CMSC 27410,Spring,,,
CMSC 27500,Spring,,,
CMSC 27610,Spring,,,
CMSC 27700,Autumn,,,
CMSC 27800,Winter,,,
CMSC 28000,Autumn,,,
CMSC 28100,Spring,,,
CMSC 28501,Autumn,Winter,Spring,
CMSC 29700,Summer,Autumn,Winter,Spring
CMSC 29900,Summer,Autumn,Winter,Spring
CRWR 10200,Autumn,Winter,Spring,
CRWR 10205,Autumn,Winter,Spring,
CRWR 10255,Autumn,Winter,Spring,
CRWR 10300,Autumn,Winter,Spring,
CRWR 10305,Autumn,Winter,Spring,
CRWR 10400,Autumn,Winter,Spring,
CRWR 10405,Autumn,Winter,Spring,
CRWR 12000,Autumn,Winter,Spring,
CRWR 12012,Winter,,,
CRWR 12014,Spring,,,
CRWR 12017,Autumn,,,
CRWR 12018,Autumn,,,
CRWR 12020,Spring,,,
CRWR 12101,Autumn,,,
CRWR 12102,Autumn,,,
CRWR 12103,Autumn,,,
CRWR 12104,Spring,,,
CRWR 12105,Autumn,Winter,Spring,
CRWR 12107,Winter,,,
CRWR 12109,Autumn,,,
CRWR 12115,Autumn,,,
CRWR 12122,Spring,,,
CRWR 12125,Spring,,,
CRWR 13000,Autumn,Winter,Spring,
CRWR 13006,Spring,,,
CRWR 13015,Autumn,,,
CRWR 13016,Autumn,,,
CRWR 13017,Spring,,,
CRWR 14000,Autumn,Winter,Spring,
CRWR 14011,Winter,,,
CRWR 14012,Autumn,,,
CRWR 14015,Spring,,,
CRWR 21501,Spring,,,
CRWR 22100,Spring,,,
CRWR 22116,Autumn,,,
CRWR 22117,Autumn,,,
CRWR 22118,Spring,,,
CRWR 23100,Autumn,Winter,Spring,
CRWR 23112,Spring,,,
CRWR 24001,Spring,,,
CRWR 24002,Spring,,,
CRWR 24003,Autumn,,,
CRWR 24100,Autumn,Winter,Spring,
CRWR 25100,Winter,,,
CRWR 26100,Spring,,,
CRWR 26405,Spring,,,
CRWR 27002,Spring,,,
CRWR 27006,Spring,,,
CRWR 27101,Autumn,Winter,,
CRWR 27102,Autumn,Winter,,
CRWR 27105,Autumn,Winter,,
CRWR 27200,Winter,,,
CRWR 27300,Winter,,,
CRWR 28100,Winter,,,
CRWR 28200,Autumn,,,
CRWR 29200,Winter,,,
CRWR 29300,Winter,,,
CRWR 29400,Winter,,,
BIOS 24231,Winter,,,
BIOS 24232,Spring,,,
BIOS 24408,Spring,,,
BIOS 26210,Autumn,,,
BIOS 26211,Winter,,,
NSCI 20100,Spring,,,
NSCI 20110,Autumn,,,
NSCI 20120,Winter,,,
NSCI 20130,Spring,,,
NSCI 29100,Summer,Autumn,Winter,Spring
NSCI 29101,Summer,Autumn,Winter,Spring
NSCI 29102,Summer,Autumn,Winter,Spring
NSCI 29200,Summer,Autumn,Winter,Spring
NSCI 29201,Summer,Autumn,Winter,Spring
NSCI 29202,Summer,Autumn,Winter,Spring
CMST 10100,Autumn,Winter,Spring,
CMST 10300,Autumn,Winter,Spring,
CMST 14400,Autumn,Winter,Spring,
CMST 14503,Autumn,,,
CMST 14504,Winter,,,
CMST 14507,Spring,,,
CMST 14509,Spring,,,
CMST 21019,Winter,,,
CMST 21110,Winter,,,
CMST 21805,Winter,,,
CMST 21806,Spring,,,
CMST 23904,Winter,,,
CMST 23905,Winter, Spring,,
CMST 23930,Autumn,,,
CMST 23931,Winter,,,
CMST 24405,Winter,,,
CMST 24615,Spring,,,
CMST 24915,Autumn,,,
CMST 24921,Spring,,,
CMST 25503,Autumn,,,
CMST 25506,Spring,,,
CMST 26000,Winter,,,
CMST 26302,Spring,,,
CMST 26803,Autumn,,,
CMST 26810,Autumn,,,
CMST 27004,Spring,,,
CMST 27220,Winter,,,
CMST 27600,Autumn,Winter,,
CMST 27804,Autumn,,,
CMST 27805,Autumn,,,
CMST 27811,Spring,,,
CMST 28200,Autumn,,,
CMST 28201,Spring,,,
CMST 28202,Winter,,,
CMST 28301,Spring,,,
CMST 28500,Autumn,,,
CMST 28600,Winter,,,
CMST 28601,Spring,,,
CMST 28801,Autumn,,,
CMST 28810,Winter,,,
CMST 28903,Autumn,,,
CMST 29700,Autumn, Winter, Spring,
CMST 29800,Autumn,,,
CMST 29900,Winter, Spring,,
PLSC 20721,Autumn,,,
PLSC 20725,Winter,,,
PLSC 21006,Autumn,,,
PLSC 21812,Autumn,,,
PLSC 22110,Winter,,,
PLSC 22202,Winter,,,
PLSC 22210,Winter,,,
PLSC 22402,Winter,,,
PLSC 22600,Spring,,,
PLSC 22710,Autumn,,,
PLSC 22913,Autumn,Winter,Spring,
PLSC 23010,Winter,,,
PLSC 23415,Spring,,,
PLSC 23501,Spring,,,
PLSC 24202,Spring,,,
PLSC 24302,Spring,,,
PLSC 24401,Spring,,,
PLSC 24402,Autumn,,,
PLSC 24410,Winter,,,
PLSC 24500,Spring,,,
PLSC 24805,Autumn,,,
PLSC 24902,Spring,,,
PLSC 25205,Autumn,,,
PLSC 25215,Winter,,,
PLSC 25610,Spring,,,
PLSC 26703,Winter,,,
PLSC 26800,Winter,,,
PLSC 27001,Autumn,,,
PLSC 27301,Autumn,,,
PLSC 27500,Winter,,,
PLSC 27703,Winter,,,
PLSC 27705,Spring,,,
PLSC 27815,Winter,,,
PLSC 28005,Autumn,,,
PLSC 28006,Autumn,,,
PLSC 28505,Autumn,,,
PLSC 28620,Autumn,,,
PLSC 28701,Winter,,,
PLSC 28710,Spring,,,
PLSC 28800,Winter,,,
PLSC 28801,Autumn,,,
PLSC 28900,Autumn,,,
PLSC 28901,Autumn,,,
PLSC 29000,Autumn,,,
PLSC 29120,Winter,,,
PLSC 29200,Spring,,,
PLSC 29202,Spring,,,
PLSC 29411,Winter,,,
PLSC 29700,Summer, Autumn, Winter, Spring
PLSC 29800,Autumn, Spring,,
PLSC 29900,Summer, Autumn, Winter, Spring
BANG 10100,Autumn,,,
BANG 10200,Winter,,,
BANG 10300,Spring,,,
BANG 20100,Autumn,,,
BANG 20200,Winter,,,
BANG 20300,Spring,,,
HIND 10100,Autumn,,,
HIND 10200,Winter,,,
HIND 10300,Spring,,,
HIND 20100,Autumn,,,
HIND 20200,Winter,,,
HIND 20300,Spring,,,
MARA 10100,Autumn,,,
MARA 10200,Winter,,,
MARA 10300,Spring,,,
MARA 20100,Autumn,,,
MARA 20200,Winter,,,
MARA 20300,Spring,,,
PALI 10100,Spring,,,
PALI 10200,Winter,,,
PALI 10300,Autumn,,,
PALI 20100,Winter,,,
PALI 20200,Spring,,,
PALI 20300,Spring,,,
SALC 20100,Winter,,,
SALC 20200,Spring,,,
SALC 20400,Winter,,,
SALC 20702,Spring,,,
SALC 20900,Spring,,,
SALC 20901,Winter,,,
SALC 20902,Spring,,,
SALC 22603,Autumn,,,
SALC 23700,Winter,,,
SALC 23903,Winter,,,
SALC 25306,Autumn,,,
SALC 27701,Autumn,,,
SALC 28001,Spring,,,
SALC 29700,Spring,,,
SALC 29800,Autumn,,,
SALC 29801,Winter,,,
SALC 29802,Spring,,,
SALC 29900,Autumn,,,
SALC 29901,Winter,,,
SALC 29902,Spring,,,
SANS 10100,Autumn,,,
SANS 10200,Winter,,,
SANS 10300,Spring,,,
SANS 20100,Autumn,,,
SANS 20200,Winter,,,
SANS 20300,Spring,,,
TAML 10100,Autumn,,,
TAML 10200,Winter,,,
TAML 10300,Spring,,,
TAML 20100,Autumn,,,
TAML 20200,Winter,,,
TAML 20300,Spring,,,
TBTN 10100,Autumn,,,
TBTN 10200,Winter,,,
TBTN 10300,Spring,,,
TBTN 20100,Autumn,,,
TBTN 20200,Winter,,,
TBTN 20300,Spring,,,
URDU 10100,Autumn,,,
URDU 10200,Winter,,,
URDU 10300,Spring,,,
URDU 20100,Autumn,,,
URDU 20200,Winter,,,
URDU 20300,Spring,,,
SOCI 20001,Winter,,,
SOCI 20002,Winter,,,
SOCI 20004,Winter,,,
SOCI 20005,Autumn,,,
SOCI 20101,Autumn,,,
SOCI 20102,Winter,,,
SOCI 20103,Winter,,,
SOCI 20104,Autumn,,,
SOCI 20105,Winter,,,
SOCI 20106,Autumn,,,
SOCI 20107,Spring,,,
SOCI 20112,Spring,,,
SOCI 20116,Autumn,,,
SOCI 20120,Winter,,,
SOCI 20122,Spring,,,
SOCI 20140,Spring,,,
SOCI 20157,Spring,,,
SOCI 20179,Winter,,,
SOCI 20184,Autumn,,,
SOCI 20191,Spring,,,
SOCI 20192,Spring,,,
SOCI 20222,Spring,,,
SOCI 20226,Autumn,,,
SOCI 20232,Winter,,,
SOCI 20233,Spring,,,
SOCI 20239,Spring,,,
SOCI 20245,Winter,,,
SOCI 20248,Spring,,,
SOCI 20252,Spring,,,
SOCI 20253,Autumn,,,
SOCI 20255,Winter,,,
SOCI 20257,Spring,,,
SOCI 20258,Spring,,,
SOCI 28070,Autumn,,,
SOCI 28071,Autumn,,,
SOCI 28072,Winter,,,
SOCI 28073,Spring,,,
SOCI 28074,Spring,,,
SOCI 29997,Autumn, Winter, Spring, Summer
SOCI 29998,Autumn, Winter, Spring,
ECON 14510,Autumn,,,
ECON 14810,Autumn,,,
ECON 19000,Spring,,,
ECON 19800,Autumn,Spring,,
ECON 19900,Autumn, Winter,,
ECON 20000,Autumn,Spring,,
ECON 20010,Autumn,Spring,,
ECON 20100,Autumn, Winter,,
ECON 20110,Autumn, Winter,,
ECON 20200,Winter, Spring,,
ECON 20210,Winter, Spring,,
ECON 20300,Autumn, Spring,,
ECON 20310,Autumn, Spring,,
ECON 20700,Spring,,,
ECON 20710,Winter,,,
ECON 20740,Spring,,,
ECON 20770,Spring,,,
ECON 20800,Winter,,,
ECON 20900,Winter,Spring,,
ECON 21000,Autumn,Winter,Spring,
ECON 21100,Autumn,,,
ECON 21110,Spring,,,
ECON 21150,Spring,,,
ECON 21200,Spring,,,
ECON 21410,Spring,,,
ECON 21800,Spring,,,
ECON 22200,Autumn,,,
ECON 22600,Autumn,,,
ECON 22650,Winter,,,
ECON 23000,Spring,,,
ECON 23200,Autumn,,,
ECON 23220,Winter,,,
ECON 23330,Winter,,,
ECON 23410,Winter,,,
ECON 23620,Autumn,,,
ECON 24000,Spring,,,
ECON 24030,Winter,,,
ECON 24400,Winter,,,
ECON 24450,Autumn,,,
ECON 24720,Winter,,,
ECON 25000,Autumn, Winter, Spring,
ECON 25100,Spring,,,
ECON 26020,Autumn,,,
ECON 26500,Autumn,,,
ECON 26530,Spring,,,
ECON 26540,Winter,,,
ECON 26600,Spring,,,
ECON 26700,Autumn,,,
ECON 26800,Autumn,,,
ECON 27000,Spring,,,
ECON 28000,Winter,,,
ECON 28100,Spring,,,
ECON 28600,Autumn,,,
ECON 28700,Spring,,,
ECON 29700,Autumn, Winter, Spring,
ECON 29800,Autumn, Winter, Spring,
MATH 11200,Autumn,Spring,,
MATH 11300,Winter,,,
MATH 13100,Autumn,Winter,,
MATH 13200,Winter,Spring,,
MATH 13300,Spring,,,
MATH 15100,Autumn,,,
MATH 15200,Autumn,Winter,,
MATH 15300,Autumn,Winter,Spring,
MATH 15900,Autumn,Winter,Spring,
MATH 15910,Autumn,Winter,Spring,
MATH 16100,Autumn,,,
MATH 16200,Winter,,,
MATH 16300,Spring,,,
MATH 17500,Autumn,,,
MATH 17600,Winter,,,
MATH 19520,Autumn,Winter,Spring,
MATH 19620,Autumn, Winter, Spring,
MATH 20000,Autumn,Winter,,
MATH 20100,Winter,Spring,,
MATH 20250,Autumn,Winter,Spring,
MATH 20300,Autumn,Winter,Spring,
MATH 20400,Autumn,Winter,Spring,
MATH 20500,Autumn,Winter,Spring,
MATH 20700,Autumn,,,
MATH 20800,Winter,,,
MATH 20900,Spring,,,
MATH 21100,Spring,,,
MATH 21200,Autumn,,,
MATH 23500,Spring,,,
MATH 24100,Spring,,,
MATH 24200,Spring,,,
MATH 24300,Spring,,,
MATH 24400,Autumn,,,
MATH 25400,Autumn,Winter,,
MATH 25500,Winter,Spring,,
MATH 25600,Spring,,,
MATH 25700,Autumn,,,
MATH 25800,Winter,,,
MATH 25900,Spring,,,
MATH 26200,Winter,,,
MATH 26300,Spring,,,
MATH 26700,Autumn,,,
MATH 26800,Winter,,,
MATH 27000,Autumn,Winter,Spring,
MATH 27200,Winter,,,
MATH 27300,Autumn,Winter,,
MATH 27400,Spring,,,
MATH 27500,Spring,,,
MATH 27700,Autumn,,,
MATH 27800,Winter,,,
MATH 28000,Autumn,,,
MATH 28100,Spring,,,
MATH 28410,Winter,,,
MATH 29520,Winter,,,
MATH 29700,Autumn, Winter, Spring,
GEOS 13100,Autumn,,,
GEOS 13200,Winter,,,
GEOS 13300,Spring,,,
GEOS 13400,Autumn, Spring,,
GEOS 13900,Winter,,,
GEOS 20500,Autumn,,,
GEOS 21000,Winter,,,
GEOS 21005,Winter,,,
GEOS 21100,Spring,,,
GEOS 21200,Spring,,,
GEOS 21205,Winter,,,
GEOS 21400,Spring,,,
GEOS 22000,Winter,,,
GEOS 22040,Autumn,,,
GEOS 22050,Winter,,,
GEOS 22200,Autumn,,,
GEOS 23205,Winter,,,
GEOS 23400,Spring,,,
GEOS 23800,Winter,,,
GEOS 23805,Winter,,,
GEOS 23900,Autumn,,,
GEOS 24220,Autumn,,,
GEOS 24230,Autumn,,,
GEOS 24240,Winter,,,
GEOS 24250,Spring,,,
GEOS 24705,Spring,,,
GEOS 25400,Winter,,,
GEOS 26100,Autumn,,,
GEOS 26300,Autumn,,,
GEOS 26600,Spring,,,
GEOS 26650,Autumn,,,
GEOS 26905,Winter,,,
GEOS 27300,Winter,,,
GEOS 28000,Winter,,,
GEOS 28100,Winter,,,
GEOS 28300,Autumn,,,
GEOS 28600,Winter,,,
GEOS 29001,Winter,,,
GEOS 29002,Winter,,,
GEOS 29005,Winter,,,
GEOS 29700,Summer,Autumn,Winter,Spring
CHIN 10100,Autumn,,,
CHIN 10200,Winter,,,
CHIN 10300,Spring,,,
CHIN 11100,Autumn,,,
CHIN 11200,Winter,,,
CHIN 11300,Spring,,,
CHIN 20100,Autumn,,,
CHIN 20200,Winter,,,
CHIN 20300,Spring,,,
CHIN 20401,Autumn,,,
CHIN 20402,Winter,,,
CHIN 20403,Spring,,,
CHIN 20501,Autumn,,,
CHIN 20502,Winter,,,
CHIN 20503,Spring,,,
CHIN 20508,Autumn,,,
CHIN 20509,Winter,,,
CHIN 20510,Autumn,,,
CHIN 20601,Autumn,,,
CHIN 20602,Winter,,,
CHIN 20603,Spring,,,
CHIN 20800,Autumn,,,
CHIN 20900,Winter,,,
CHIN 21000,Spring,,,
CHIN 21100,Autumn,,,
CHIN 21200,Winter,,,
CHIN 21300,Spring,,,
EALC 10500,Autumn,,,
EALC 10600,Spring,,,
EALC 10601,Winter,,,
EALC 10800,Summer,Autumn,,
EALC 10900,Summer,Winter,,
EALC 11000,Spring,,,
EALC 14111,Winter,,,
EALC 14801,Winter,,,
EALC 15100,Autumn,,,
EALC 15405,Autumn,,,
EALC 16911,Spring,,,
EALC 17107,Spring,,,
EALC 17110,Spring,,,
EALC 17207,Autumn,,,
EALC 17211,Winter,,,
EALC 19800,Spring,,,
EALC 19909,Winter,,,
EALC 20210,Winter,,,
EALC 20330,Autumn,,,
EALC 20404,Winter,,,
EALC 20421,Spring,,,
EALC 20441,Spring,,,
EALC 22024,Spring,,,
EALC 22027,Autumn,,,
EALC 22032,Winter,,,
EALC 23001,Spring,,,
EALC 24255,Spring,,,
EALC 24306,Autumn,,,
EALC 24308,Autumn,,,
EALC 24333,Winter,,,
EALC 24500,Winter,,,
EALC 24510,Spring,,,
EALC 24606,Spring,,,
EALC 24614,Spring,,,
EALC 24700,Winter,,,
EALC 24706,Spring,,,
EALC 24810,Winter,,,
EALC 25000,Winter,,,
EALC 26206,Autumn,,,
EALC 26800,Spring,,,
EALC 27014,Spring,,,
EALC 27708,Spring,,,
EALC 28010,Winter,,,
EALC 28015,Spring,,,
EALC 29500,Autumn,,,
EALC 29600,Winter,,,
JAPN 10100,Autumn,,,
JAPN 10200,Winter,,,
JAPN 10300,Spring,,,
JAPN 19000,Autumn,,,
JAPN 20100,Autumn,,,
JAPN 20200,Winter,,,
JAPN 20300,Spring,,,
JAPN 20401,Autumn,,,
JAPN 20402,Winter,,,
JAPN 20403,Spring,,,
JAPN 20500,Autumn,,,
JAPN 20600,Winter,,,
JAPN 20700,Spring,,,
JAPN 21200,Winter,,,
JAPN 21300,Spring,,,
KORE 10100,Spring,,,
KORE 10200,Winter,,,
KORE 10300,Spring,,,
KORE 20100,Autumn,,,
KORE 20200,Winter,,,
KORE 20300,Spring,,,
KORE 20401,Autumn,,,
KORE 20402,Winter,,,
KORE 20403,Spring,,,
KORE 22200,Winter,,,
KORE 22300,Spring,,,
KORE 23100,Spring,,,
PSYC 20000,Autumn,,,
PSYC 20100,Autumn,,,
PSYC 20200,Winter,,,
PSYC 20209,Winter,,,
PSYC 20300,Winter,,,
PSYC 20400,Spring,,,
PSYC 20500,Spring,,,
PSYC 20600,Autumn,,,
PSYC 20700,Autumn,Winter,,
PSYC 20850,Autumn,,,
PSYC 21115,Spring,,,
PSYC 21125,Spring,,,
PSYC 21450,Winter,,,
PSYC 21690,Winter,,,
PSYC 21750,Spring,,,
PSYC 21840,Winter,,,
PSYC 22250,Winter,,,
PSYC 22580,Autumn,,,
PSYC 23000,Autumn,,,
PSYC 23165,Spring,,,
PSYC 23200,Winter,,,
PSYC 23249,Winter,,,
PSYC 23800,Winter,,,
PSYC 23860,Autumn,,,
PSYC 24000,Spring,,,
PSYC 24050,Spring,,,
PSYC 24249,Winter,,,
PSYC 24680,Summer,,,
PSYC 25101,Autumn,,,
PSYC 25470,Spring,,,
PSYC 25670,Spring,,,
PSYC 25700,Winter,,,
PSYC 25750,Autumn,,,
PSYC 25901,Winter,,,
PSYC 25950,Spring,,,
PSYC 27950,Autumn,,,
PSYC 28910,Spring,,,
PSYC 29200,Autumn, Winter, Spring,
PSYC 29700,Autumn, Winter, Spring,
PSYC 29800,Winter,,,
INST 27702,Autumn,,,
INST 29700,Autumn, Winter, Spring,
ENSC 13300,Spring,,,
ENSC 13400,Autumn, Spring,,
ENSC 20209,Winter,,,
ENSC 21100,Spring,,,
ENSC 23800,Winter,,,
ENSC 23805,Winter,,,
ENSC 23820,Autumn,,,
ENSC 23900,Autumn,,,
ENSC 24000,Spring,,,
ENSC 24100,Autumn,,,
ENSC 24200,Autumn,,,
ENSC 24300,Autumn,,,
ENSC 24400,Autumn,,,
ENSC 24500,Autumn,,,
ENSC 25200,Spring,,,
ENSC 28100,Spring,,,
ENSC 29002,Winter,,,
ENSC 29005,Winter,,,
ENSC 29700,Summer, Autumn, Winter, Spring
ENSC 29800,Autumn,,,
BCSN 10103,Autumn,,,
BCSN 10203,Winter,,,
BCSN 10303,Spring,,,
BCSN 20103,Autumn,,,
BCSN 20203,Winter,,,
BCSN 20303,Spring,,,
BCSN 21101,Autumn,,,
BCSN 21200,Winter,,,
BCSN 21300,Spring,,,
CZEC 10103,Autumn,,,
CZEC 10203,Winter,,,
CZEC 10303,Spring,,,
CZEC 20103,Autumn,,,
CZEC 20203,Winter,,,
CZEC 20303,Spring,,,
CZEC 27700,Spring,,,
POLI 10103,Autumn,,,
POLI 10203,Winter,,,
POLI 10303,Spring,,,
POLI 20103,Autumn,,,
POLI 20203,Winter,,,
POLI 20303,Spring,,,
POLI 20500,Autumn,,,
POLI 20600,Winter,,,
POLI 20700,Spring,,,
POLI 24100,Autumn,,,
POLI 24200,Winter,,,
POLI 24300,Spring,,,
POLI 25303,Winter,,,
POLI 29900,Autumn, Winter, Spring,
REES 13802,Autumn,,,
REES 20001,Autumn,,,
REES 20020,Winter,,,
REES 20024,Winter,,,
REES 21002,Winter,,,
REES 21006,Spring,,,
REES 21100,Autumn,,,
REES 21200,Winter,,,
REES 21300,Spring,,,
REES 25600,Winter,,,
REES 25602,Winter,,,
REES 26011,Autumn,,,
REES 26012,Winter,,,
REES 27003,Winter,,,
REES 27025,Winter,,,
REES 29009,Winter,,,
REES 29010,Autumn,,,
REES 29012,Autumn,,,
REES 29013,Winter,Spring,,
REES 29018,Spring,,,
REES 29020,Winter,,,
REES 29700,Autumn, Winter, Spring,
REES 29813,Winter,,,
REES 29900,Autumn,Winter,Spring,
RUSS 10100,Autumn,,,
RUSS 10200,Winter,,,
RUSS 10300,Spring,,,
RUSS 20100,Autumn,,,
RUSS 20200,Winter,,,
RUSS 20300,Spring,,,
RUSS 20702,Autumn,,,
RUSS 20802,Winter,,,
RUSS 20902,Spring,,,
RUSS 21002,Autumn,,,
RUSS 21102,Winter,,,
RUSS 21202,Spring,,,
RUSS 21302,Autumn,,,
RUSS 21402,Winter,,,
RUSS 21502,Spring,,,
LLSO 20116,Autumn,,,
LLSO 21400,Winter,,,
LLSO 21603,Spring,,,
LLSO 22209,Spring,,,
LLSO 22401,Autumn,,,
LLSO 22402,Winter,,,
LLSO 22403,Winter,,,
LLSO 22612,Spring,,,
LLSO 22710,Autumn,,,
LLSO 23100,Winter,,,
LLSO 23415,Spring,,,
LLSO 23900,Winter,,,
LLSO 24000,Spring,,,
LLSO 24200,Autumn,,,
LLSO 24300,Spring,,,
LLSO 24711,Winter,,,
LLSO 24805,Autumn,,,
LLSO 24901,Autumn,,,
LLSO 25215,Winter,,,
LLSO 25411,Winter,,,
LLSO 25610,Spring,,,
LLSO 25903,Winter,,,
LLSO 26000,Winter,,,
LLSO 26201,Spring,,,
LLSO 26202,Spring,,,
LLSO 26703,Winter,,,
LLSO 26804,Winter,,,
LLSO 27306,Autumn,,,
LLSO 27950,Spring,,,
LLSO 28203,Spring,,,
LLSO 28710,Spring,,,
LLSO 28712,Autumn,,,
LLSO 29050,Winter,,,
LLSO 29400,Autumn,,,
SOSC 02980,Summer,,,
SOSC 11100,Autumn,,,
SOSC 11200,Winter,,,
SOSC 11300,Spring,,,
SOSC 12100,Autumn,,,
SOSC 12200,Winter,,,
SOSC 12300,Spring,,,
SOSC 13100,Autumn,,,
SOSC 13200,Winter,,,
SOSC 13300,Spring,,,
SOSC 14100,Autumn,,,
SOSC 14200,Winter,,,
SOSC 14300,Spring,,,
SOSC 15100,Autumn,,,
SOSC 15200,Winter,,,
SOSC 15300,Spring,,,
SOSC 21100,Winter,,,
SOSC 21200,Spring,,,
SOSC 22000,Autumn,,,
SOSC 22100,Winter,,,
SOSC 22200,Spring,,,
SOSC 23000,Winter,,,
SOSC 23100,Spring,,,
SOSC 23500,Summer,Autumn,,
SOSC 23600,Summer,Winter,,
SOSC 23700,Spring,,,
SOSC 24000,Autumn,,,
SOSC 24001,Autumn,,,
SOSC 24002,Winter,,,
SOSC 24003,Spring,,,
SOSC 24100,Winter,,,
SOSC 25100,Autumn,,,
SOSC 26100,Autumn,,,
SOSC 26200,Winter,,,
SOSC 26300,Spring,,,
SOSC 26900,Spring,,,
SOSC 29500,Autumn, Winter, Spring,
SOSC 29700,Autumn, Winter, Spring,
SOSC 29900,Autumn, Winter, Spring, Summer
SOSC 34500,Autumn,Winter,,
SOSC 34600,Spring,,,
SOSC 39000,Autumn,,,
HMRT 10100,Autumn,,,
HMRT 10200,Winter,,,
HMRT 20100,Spring,,,
HMRT 20101,Spring,,,
HMRT 20116,Autumn,,,
HMRT 20200,Winter,,,
HMRT 20201,Spring,,,
HMRT 20300,Winter,,,
HMRT 20301,Spring,,,
HMRT 21400,Winter,,,
HMRT 23301,Winter,,,
HMRT 23302,Spring,,,
HMRT 24501,Winter,,,
HMRT 24701,Autumn,,,
HMRT 25210,Autumn,,,
HMRT 26150,Spring,,,
HMRT 26151,Spring,,,
HMRT 27061,Winter,,,
HMRT 27306,Autumn,,,
HMRT 28310,Winter,,,
HMRT 28602,Spring,,,
HMRT 29120,Spring,,,
PHSC 10100,Winter,,,
PHSC 10800,Autumn,,,
PHSC 10900,Autumn,,,
PHSC 11000,Spring,,,
PHSC 11100,Autumn,,,
PHSC 11200,Winter,,,
PHSC 11300,Autumn,,,
PHSC 11400,Autumn,,,
PHSC 11500,Spring,,,
PHSC 11902,Autumn,,,
PHSC 12400,Winter,,,
PHSC 12500,Spring,,,
PHSC 12600,Autumn,,,
PHSC 12610,Winter,,,
PHSC 12620,Spring,,,
PHSC 12700,Autumn,,,
PHSC 12710,Winter,,,
PHSC 12720,Spring,,,
PHSC 12800,Spring,,,
PHSC 13400,Autumn, Spring,,
PHSC 13500,Autumn,,,
PHSC 13600,Winter,,,
PHSC 18100,Autumn,,,
PHSC 18200,Spring,,,
PHSC 18300,Autumn,,,
PHSC 18500,Autumn,,,
ANTH 20001,Winter,,,
ANTH 20002,Autumn,,,
ANTH 20003,Winter,,,
ANTH 20004,Spring,,,
ANTH 20100,Autumn,,,
ANTH 20405,Autumn,,,
ANTH 20420,Autumn,,,
ANTH 20535,Summer,,,
ANTH 20701,Winter,,,
ANTH 20702,Spring,,,
ANTH 21015,Summer,,,
ANTH 21102,Autumn,,,
ANTH 21107,Winter,,,
ANTH 21201,Spring,,,
ANTH 21217,Winter,,,
ANTH 21225,Autumn,,,
ANTH 21230,Autumn,,,
ANTH 21251,Autumn,,,
ANTH 21254,Spring,,,
ANTH 21255,Autumn,,,
ANTH 21264,Autumn,,,
ANTH 21265,Winter,,,
ANTH 21269,Autumn,,,
ANTH 21303,Winter,,,
ANTH 21307,Winter,,,
ANTH 21322,Spring,,,
ANTH 21401,Autumn,,,
ANTH 21406,Winter,,,
ANTH 21420,Spring,,,
ANTH 21525,Winter,,,
ANTH 21610,Spring,,,
ANTH 21725,Winter,,,
ANTH 22000,Winter,,,
ANTH 22105,Spring,,,
ANTH 22123,Winter,,,
ANTH 22125,Spring,,,
ANTH 22130,Winter,,,
ANTH 22150,Spring,,,
ANTH 22205,Winter,,,
ANTH 22400,Spring,,,
ANTH 22530,Winter,,,
ANTH 22535,Winter,,,
ANTH 22606,Autumn,,,
ANTH 22609,Winter,,,
ANTH 22610,Winter,,,
ANTH 22710,Spring,,,
ANTH 22715,Autumn,,,
ANTH 22915,Spring,,,
ANTH 23091,Spring,,,
ANTH 23101,Autumn,,,
ANTH 23102,Winter,,,
ANTH 23103,Spring,,,
ANTH 23630,Winter,,,
ANTH 23700,Winter,,,
ANTH 23715,Autumn,,,
ANTH 23805,Winter,,,
ANTH 24001,Autumn,,,
ANTH 24002,Winter,,,
ANTH 24003,Spring,,,
ANTH 24101,Winter,,,
ANTH 24102,Spring,,,
ANTH 24105,Spring,,,
ANTH 24300,Spring,,,
ANTH 24320,Autumn,,,
ANTH 24330,Winter,,,
ANTH 24340,Spring,,,
ANTH 24345,Autumn,,,
ANTH 24705,Winter,,,
ANTH 24800,Spring,,,
ANTH 24810,Winter,,,
ANTH 24815,Autumn,,,
ANTH 25100,Winter,,,
ANTH 25117,Autumn,,,
ANTH 25200,Winter,,,
ANTH 25250,Autumn,,,
ANTH 25305,Autumn,,,
ANTH 25325,Winter,,,
ANTH 25440,Spring,,,
ANTH 25500,Autumn,,,
ANTH 25900,Winter,,,
ANTH 25905,Spring,,,
ANTH 25906,Spring,,,
ANTH 25908,Winter,,,
ANTH 26020,Winter,,,
ANTH 26315,Autumn,,,
ANTH 26320,Spring,,,
ANTH 26325,Winter,,,
ANTH 26505,Winter,,,
ANTH 26605,Autumn,,,
ANTH 26710,Autumn,,,
ANTH 26711,Winter,,,
ANTH 26712,Autumn,,,
ANTH 26735,Winter,,,
ANTH 26740,Spring,,,
ANTH 26830,Winter,,,
ANTH 26900,Spring,,,
ANTH 27130,Autumn,,,
ANTH 27135,Winter,,,
ANTH 27300,Winter,,,
ANTH 27400,Winter,,,
ANTH 27430,Autumn,,,
ANTH 27505,Winter,,,
ANTH 27510,Winter,,,
ANTH 27520,Winter,,,
ANTH 27615,Autumn,,,
ANTH 27700,Spring,,,
ANTH 27705,Spring,,,
ANTH 28010,Spring,,,
ANTH 28100,Winter,,,
ANTH 28200,Winter,,,
ANTH 28210,Spring,,,
ANTH 28400,Winter,,,
ANTH 28410,Winter,,,
ANTH 28420,Winter,,,
ANTH 28510,Autumn,,,
ANTH 28600,Spring,,,
ANTH 28702,Winter,,,
ANTH 29105,Winter,,,
ANTH 29500,Winter,,,
ANTH 29700,Autumn,Winter,Spring,
ANTH 29900,Autumn,Winter,Spring,
ANTH 29910,Winter,,,
ENST 12100,Autumn,,,
ENST 12300,Autumn, Spring,,
ENST 12402,Winter,,,
ENST 13106,Winter,,,
ENST 13132,Autumn,,,
ENST 13300,Spring,,,
ENST 20500,Spring,,,
ENST 21201,Autumn,,,
ENST 21301,Winter,,,
ENST 21800,Spring,,,
ENST 22000,Spring,,,
ENST 22209,Winter,,,
ENST 22506,Winter,,,
ENST 23100,Winter,,,
ENST 23289,Winter,,,
ENST 23500,Autumn,,,
ENST 23900,Autumn,,,
ENST 24102,Spring,,,
ENST 24104,Winter,,,
ENST 24701,Autumn,,,
ENST 24705,Spring,,,
ENST 25100,Autumn,,,
ENST 25300,Autumn, Winter,,
ENST 25500,Winter,,,
ENST 25900,Winter,,,
ENST 26100,Autumn,,,
ENST 26201,Spring,,,
ENST 26220,Winter,,,
ENST 26405,Winter,,,
ENST 26420,Winter,,,
ENST 26433,Autumn,,,
ENST 26444,Spring,,,
ENST 26500,Autumn,,,
ENST 26505,Winter,,,
ENST 26530,Spring,,,
ENST 26531,Autumn,,,
ENST 26701,Winter,,,
ENST 27100,Spring,,,
ENST 27201,Spring,,,
ENST 27220,Spring,,,
ENST 27301,Spring,,,
ENST 27320,Spring,,,
ENST 27420,Winter,,,
ENST 27750,Autumn,,,
ENST 27751,Winter,,,
ENST 28210,Winter,,,
ENST 29000,Autumn,,,
ENST 29700,Autumn,Winter,Spring,
ENST 29720,Spring,,,
ENST 29801,Autumn,,,
ENST 29802,Winter,,,
MUSI 10100,Autumn,Winter,Spring,
MUSI 10200,Autumn,Winter,Spring,
MUSI 10300,Autumn,Winter,Spring,
MUSI 10400,Autumn,Winter,Spring,
MUSI 12100,Winter,,,
MUSI 12200,Spring,,,
MUSI 14300,Autumn,,,
MUSI 15100,Autumn,,,
MUSI 15200,Winter,,,
MUSI 15300,Spring,,,
MUSI 21814,Winter,,,
MUSI 22517,Spring,,,
MUSI 22900,Winter,,,
MUSI 22901,Autumn,,,
MUSI 23104,Winter,,,
MUSI 23300,Autumn,,,
MUSI 23410,Spring,,,
MUSI 23416,Spring,,,
MUSI 23503,Spring,,,
MUSI 23509,Winter,,,
MUSI 23514,Spring,,,
MUSI 23614,Winter,,,
MUSI 23817,Autumn,,,
MUSI 23900,Autumn,,,
MUSI 23911,Spring,,,
MUSI 24000,Autumn,Winter,Spring,
MUSI 24417,Spring,,,
MUSI 24517,Spring,,,
MUSI 25100,Winter,,,
MUSI 25200,Spring,,,
MUSI 25217,Spring,,,
MUSI 25300,Winter,,,
MUSI 25514,Spring,,,
MUSI 25600,Spring,,,
MUSI 25701,Winter,,,
MUSI 25801,Autumn,,,
MUSI 26100,Spring,,,
MUSI 26217,Spring,,,
MUSI 26300,Autumn,,,
MUSI 26400,Winter,,,
MUSI 26800,Autumn,,,
MUSI 26817,Spring,,,
MUSI 26900,Winter,,,
MUSI 27100,Autumn,,,
MUSI 27200,Winter,,,
MUSI 27300,Spring,,,
MUSI 28000,Autumn,,,
MUSI 28500,Autumn,Winter,Spring,
MUSI 29500,Spring,,,
MUSI 29700,Autumn,Winter,Spring,
MUSI 29900,Autumn,Winter,Spring,
ARME 10501,Winter,,,
ARTH 14200,Winter,,,
ARTH 14700,Winter,,,
ARTH 16709,Winter,,,
ARTH 17311,Spring,,,
ARTH 23310,Winter,,,
ARTH 24110,Autumn,,,
EALC 17211,Winter,,,
ENGL 15500,Winter,,,
ENGL 15600,Spring,,,
FNDL 20700,Autumn,,,
FREN 22210,Spring,,,
HIST 12101,Autumn,,,
HIST 21701,Autumn,,,
HIST 21702,Spring,,,
HIST 22110,Spring,,,
HIST 22115,Winter,,,
HIST 25701,Autumn,,,
HIST 25704,Autumn,,,
HIST 25804,Winter,,,
HIST 25904,Spring,,,
HIST 29902,Spring,,,
ITAL 22210,Spring,,,
ITAL 22600,Winter,,,
ITAL 26200,Autumn,,,
ITAL 29600,Spring,,,
NEAA 20501,Autumn,,,
NEHC 20501,Autumn,,,
NEHC 20502,Winter,,,
NEHC 20503,Spring,,,
NEHC 20601,Autumn,,,
NEHC 20602,Winter,,,
NEHC 20603,Spring,,,
NEHC 26016,Spring,,,
PERS 20006,Winter,,,
RLST 21107,Spring 2017,,,
RLST 25903,Winter 2017,,,
SPAN 21703,Autumn,,,
GRMN 10100,Autumn,,,
GRMN 10200,Winter,,,
GRMN 10201,Autumn, Winter,,
GRMN 10300,Autumn, Winter, Spring,
GRMN 13100,Spring,,,
GRMN 20100,Autumn, Winter, Spring,
GRMN 20200,Autumn, Winter, Spring,
GRMN 20300,Autumn, Winter, Spring,
GRMN 21103,Autumn,,,
GRMN 21203,Winter,,,
GRMN 21303,Spring,,,
GRMN 21403,Spring; Offered in even-numbered years,,,
GRMN 23715,Spring,,,
GRMN 24016,Autumn,,,
GRMN 24916,Autumn,,,
GRMN 25516,Autumn,,,
GRMN 25817,Spring,,,
GRMN 26816,Autumn,,,
GRMN 27517,Winter,,,
GRMN 27717,Spring,,,
GRMN 29700,Autumn, Winter, Spring,
GRMN 29900,Autumn, Winter, Spring,
NORW 10100,Autumn,,,
NORW 10200,Winter,,,
NORW 10300,Spring,,,
NORW 10400,Spring,,,
NORW 10500,Autumn,,,
NORW 26700,Winter,,,
NORW 29700,Autumn, Winter, Spring,
YDDH 10100,Autumn,,,
YDDH 10200,Winter,,,
YDDH 10300,Spring,,,
YDDH 20101,Autumn,,,
YDDH 21101,Autumn,,,
YDDH 25917,Spring,,,
YDDH 29700,Autumn, Winter, Spring,
HUMA 02980,Summer,,,
HUMA 11000,Autumn,,,
HUMA 11100,Winter,,,
HUMA 11200,Spring,,,
HUMA 11500,Autumn,,,
HUMA 11600,Winter,,,
HUMA 11700,Spring,,,
HUMA 12050,Autumn,,,
HUMA 12150,Winter,,,
HUMA 12250,Spring,,,
HUMA 12300,Autumn,,,
HUMA 12400,Winter,,,
HUMA 12500,Spring,,,
HUMA 13500,Autumn,,,
HUMA 13600,Winter,,,
HUMA 13700,Spring,,,
HUMA 14000,Autumn,,,
HUMA 14100,Winter,,,
HUMA 14200,Spring,,,
HUMA 16000,Autumn,,,
HUMA 16100,Winter,,,
HUMA 16200,Spring,,,
HUMA 17000,Autumn,,,
HUMA 17100,Winter,,,
HUMA 17200,Spring,,,
HUMA 19100,Autumn, Winter, Spring,
HUMA 20710,Autumn,,,
HUMA 20711,Winter,,,
HUMA 20712,Autumn,,,
HUMA 20713,Winter,,,
HUMA 25205,Autumn,,,
HUMA 29700,Autumn, Winter, Spring,
SIGN 26000,Spring,,,
SIGN 26001,Spring,,,
SIGN 26003,Spring,,,
SIGN 26004,Spring,,,
SIGN 26005,Spring,,,
SIGN 26006,Spring,,,
SIGN 26007,Spring,,,
SIGN 26008,Spring,,,
SIGN 26009,Spring,,,
ENGL 10450,Spring,,,
ENGL 10600,Autumn,,,
ENGL 10706,Winter,,,
ENGL 10710,Autumn,,,
ENGL 10800,Autumn,Winter,Spring,
ENGL 10950,Winter,,,
ENGL 10951,Spring,,,
ENGL 11004,Autumn,,,
ENGL 11404,Spring,,,
ENGL 14900,Winter,,,
ENGL 15500,Winter,,,
ENGL 15600,Spring,,,
ENGL 15850,Autumn,,,
ENGL 16500,Spring,,,
ENGL 16550,Autumn,,,
ENGL 16600,Winter,,,
ENGL 17501,Spring,,,
ENGL 17515,Autumn,,,
ENGL 17516,Winter,,,
ENGL 17700,Winter,,,
ENGL 17813,Autumn,,,
ENGL 17814,Spring,,,
ENGL 17950,Spring,,,
ENGL 18108,Winter,,,
ENGL 19204,Autumn,,,
ENGL 20024,Winter,,,
ENGL 20140,Autumn,,,
ENGL 20141,Autumn,,,
ENGL 20142,Autumn,,,
ENGL 20143,Autumn,,,
ENGL 20212,Spring,,,
ENGL 20225,Winter,,,
ENGL 20850,Winter,,,
ENGL 20906,Winter,,,
ENGL 21006,Spring,,,
ENGL 21102,Winter,,,
ENGL 21106,Autumn,,,
ENGL 21110,Winter,,,
ENGL 21118,Winter,,,
ENGL 21301,Spring,,,
ENGL 21924,Autumn,,,
ENGL 22404,Autumn,,,
ENGL 22903,Winter,,,
ENGL 23350,Winter,,,
ENGL 23400,Winter,,,
ENGL 24005,Autumn,,,
ENGL 24205,Spring,,,
ENGL 24210,Autumn,,,
ENGL 24212,Spring,,,
ENGL 24260,Spring,,,
ENGL 24320,Winter,,,
ENGL 24650,Spring,,,
ENGL 24810,Spring,,,
ENGL 24812,Winter,,,
ENGL 24951,Winter,,,
ENGL 25011,Spring,,,
ENGL 25013,Autumn,,,
ENGL 25413,Autumn,,,
ENGL 25422,Spring,,,
ENGL 25601,Autumn,,,
ENGL 26250,Spring,,,
ENGL 26300,Spring,,,
ENGL 26405,Winter,,,
ENGL 26406,Winter,,,
ENGL 26950,Spring,,,
ENGL 27003,Winter,,,
ENGL 27316,Spring,,,
ENGL 27500,Winter,,,
ENGL 27650,Spring,,,
ENGL 28613,Autumn,,,
ENGL 28614,Winter,,,
ENGL 28618,Spring,,,
ENGL 28750,Autumn,,,
ENGL 28780,Spring,,,
ENGL 28816,Spring,,,
ENGL 28912,Autumn,,,
ENGL 28918,Winter,,,
ENGL 29300,Autumn,,,
ENGL 29400,Autumn,,,
ENGL 29600,Winter,,,
ENGL 29700,Autumn,Winter,Spring,
ENGL 29900,Autumn,Winter,Spring,
CLCV 14113,Winter,,,
CLCV 20200,Autumn,,,
CLCV 20700,Autumn,,,
CLCV 20800,Winter,,,
CLCV 20900,Spring,,,
CLCV 21807,Autumn,,,
CLCV 21812,Autumn,,,
CLCV 22700,Autumn,,,
CLCV 22914,Autumn,,,
CLCV 23315,Autumn,,,
CLCV 23712,Autumn,,,
CLCV 24113,Spring,,,
CLCV 24115,Autumn,,,
CLCV 24215,Winter,,,
CLCV 24306,Autumn,,,
CLCV 24307,Spring,,,
CLCV 24515,Autumn,,,
CLCV 24716,Winter,,,
CLCV 25510,Autumn,,,
CLCV 25516,Spring,,,
CLCV 25700,Autumn,,,
CLCV 25716,Spring,,,
CLCV 25800,Winter,,,
CLCV 25900,Spring,,,
CLCV 26016,Winter,,,
CLCV 26200,Winter,,,
CLCV 26601,Winter,,,
CLCV 26916,Autumn,,,
CLCV 27116,Autumn,,,
CLCV 27716,Winter,,,
CLCV 28300,Spring,,,
CLCV 28316,Spring,,,
CLCV 28716,Winter,,,
CLCV 29113,Spring,,,
CLCV 29700,Autumn, Winter, Spring,
CLCV 29800,Autumn, Winter,,
GREK 10100,Autumn,,,
GREK 10200,Winter,,,
GREK 10300,Spring,,,
GREK 11100,Autumn,,,
GREK 11200,Winter,,,
GREK 11300,Spring,,,
GREK 20100,Autumn,,,
GREK 20200,Winter,,,
GREK 20300,Spring,,,
GREK 21116,Autumn,,,
GREK 21200,Autumn,,,
GREK 21216,Spring,,,
GREK 21300,Autumn,,,
GREK 21700,Autumn,,,
GREK 21800,Spring,,,
GREK 21900,Spring,,,
GREK 22314,Spring,,,
GREK 22400,Autumn,,,
GREK 22500,Autumn,,,
GREK 23116,Winter,,,
GREK 24500,Spring,,,
GREK 25000,Autumn,,,
GREK 25116,Autumn,,,
GREK 25615,Winter,,,
GREK 29700,Autumn, Winter,,
LATN 10100,Autumn,,,
LATN 10200,Winter,,,
LATN 10300,Spring,,,
LATN 11100,Autumn,,,
LATN 11200,Winter,,,
LATN 11300,Spring,,,
LATN 20100,Autumn,,,
LATN 20200,Winter,,,
LATN 20300,Spring,,,
LATN 21100,Winter,,,
LATN 21200,Spring,,,
LATN 21300,Autumn,,,
LATN 21700,Autumn,,,
LATN 21800,Winter,,,
LATN 21900,Spring,,,
LATN 22100,Spring,,,
LATN 22200,Winter,,,
LATN 22300,Spring,,,
LATN 25000,Winter,,,
LATN 26000,Autumn,,,
LATN 29700,Autumn, Winter, Spring,
PHYS 12100,Autumn,,,
PHYS 12200,Winter,,,
PHYS 12300,Spring,,,
PHYS 13100,Autumn,,,
PHYS 13200,Winter,,,
PHYS 13300,Spring,,,
PHYS 14100,Autumn,,,
PHYS 14200,Winter,,,
PHYS 14300,Spring,,,
PHYS 15400,Autumn,,,
PHYS 18500,Winter,,,
PHYS 19700,Autumn,,,
PHYS 21101,Autumn,,,
PHYS 21102,Winter,,,
PHYS 21103,Spring,,,
PHYS 22000,Spring,,,
PHYS 22100,Autumn,,,
PHYS 22500,Winter,,,
PHYS 22600,Spring,,,
PHYS 22700,Spring,,,
PHYS 23400,Spring,,,
PHYS 23500,Autumn,,,
PHYS 23600,Winter,,,
PHYS 23700,Spring,,,
PHYS 24500,Winter,,,
PHYS 25000,Autumn,,,
PHYS 26000,Winter,,,
PHYS 26400,Autumn,,,
PHYS 29100,Autumn,,,
PHYS 29200,Winter,,,
PHYS 29300,Spring,,,
PHYS 29700,Autumn, Winter, Spring, Summer
CRES 24001,Autumn,,,
CRES 24002,Winter,,,
CRES 24003,Spring,,,
EALC 10800,Summer,Autumn,,
EALC 10900,Summer,Winter,,
EALC 11000,Spring,,,
GNSE 15002,Autumn,,,
GNSE 15003,Winter,,,
HIPS 17300,Autumn,,,
HIPS 17400,Winter,,,
HIPS 17402,Not offered in 2016â€“17,,,
HIPS 17501,Not offered 2016-17,,,
HIPS 17502,Spring,,,
HIPS 17503,Not offered in 2016-17,,,
HIST 10101,Winter,,,
HIST 10102,Spring,,,
HIST 13001,Autumn,Winter,,
HIST 13002,Winter,Spring,,
HIST 13003,Spring,,,
HIST 13100,Summer,Autumn,,
HIST 13200,Summer,Winter,,
HIST 13300,Summer,Spring,,
HIST 13500,Autumn,,,
HIST 13600,Winter,,,
HIST 13700,Spring,,,
HIST 13900,Autumn,,,
HIST 14000,Winter,,,
HIST 16700,Autumn,,,
HIST 16800,Winter,,,
HIST 16900,Spring,,,
HMRT 10100,Autumn,,,
HMRT 10200,Winter,,,
LACS 16100,Autumn,,,
LACS 16200,Winter,,,
LACS 16300,Spring,,,
MUSI 12100,Winter,,,
MUSI 12200,Spring,,,
NEHC 20001,Autumn,,,
NEHC 20002,Winter,,,
NEHC 20003,Spring,,,
NEHC 20004,Spring,,,
NEHC 20005,Spring,,,
NEHC 20006,Winter,,,
NEHC 20011,Autumn,,,
NEHC 20012,Winter,,,
NEHC 20013,Spring,,,
NEHC 20416,Autumn,,,
NEHC 20417,Winter,,,
NEHC 20418,,,,
NEHC 20501,Autumn,,,
NEHC 20502,Winter,,,
NEHC 20503,Spring,,,
NEHC 20601,Autumn,,,
NEHC 20602,Winter,,,
NEHC 20603,Spring,,,
SALC 20100,Winter,,,
SALC 20200,Spring,,,
RLST 10100,Winter,,,
RLST 11004,Autumn,,,
RLST 11030,Autumn,,,
RLST 12602,Winter,,,
RLST 20150,Autumn,,,
RLST 20231,Winter,,,
RLST 20401,Autumn,,,
RLST 20402,Winter,,,
RLST 20403,Spring,,,
RLST 20408,Winter,,,
RLST 20501,Autumn,,,
RLST 20505,Winter,,,
RLST 20702,Spring,,,
RLST 21107,Spring,,,
RLST 21203,Spring,,,
RLST 21400,Spring,,,
RLST 21801,Autumn,,,
RLST 22400,Spring,,,
RLST 22505,Winter,,,
RLST 23400,Autumn,,,
RLST 23605,Autumn,,,
RLST 23900,Winter,,,
RLST 23904,Spring,,,
RLST 24050,Spring,,,
RLST 24201,Winter,,,
RLST 24202,Spring,,,
RLST 24910,Spring,,,
RLST 25120,Winter,,,
RLST 25405,Spring,,,
RLST 25903,Winter,,,
RLST 26150,Spring,,,
RLST 26310,Autumn,,,
RLST 26623,Winter,,,
RLST 26800,Winter,,,
RLST 27500,Spring,,,
RLST 27516,Winter,,,
RLST 28020,Winter,,,
RLST 28215,Spring,,,
RLST 28610,Autumn,,,
RLST 28617,Autumn,,,
RLST 28704,WInter,,,
RLST 28716,Spring,,,
RLST 29700,Autumn, Winter, Spring,
RLST 29800,Autumn,,,
RLST 29900,Winter,,,
ASLG 10100,Autumn,,,
ASLG 10200,Winter,,,
ASLG 10300,Spring,,,
ASLG 10400,Autumn,,,
ASLG 10500,Winter,,,
ASLG 10600,Spring,,,
BASQ 12000,Autumn,,,
BASQ 12100,Winter,,,
BASQ 12200,Spring,,,
LING 20001,Autumn,Winter,Spring,
LING 20101,Autumn,,,
LING 20150,Autumn,,,
LING 20201,Winter,,,
LING 20301,Spring,,,
LING 20721,Autumn,,,
LING 21000,Spring,,,
LING 21010,Autumn,,,
LING 21310,Autumn,,,
LING 21600,Winter,,,
LING 21720,Spring,,,
LING 21920,Winter,,,
LING 23400,Spring,,,
LING 23600,Spring,,,
LING 24960,Spring,,,
LING 25200,Spring,,,
LING 26002,Autumn,,,
LING 26020,Spring,,,
LING 26310,Winter,,,
LING 27010,Autumn,,,
LING 27130,Autumn,,,
LING 27200,Winter,,,
LING 27220,Spring,,,
LING 27430,Winter,,,
LING 27500,Spring,,,
LING 27810,Spring,,,
LING 28355,Autumn,,,
LING 28370,Autumn,,,
LING 28380,Winter,,,
LING 28381,Spring,,,
LING 28600,Autumn,,,
LING 29700,Autumn, Winter, Spring,
LING 29900,Autumn, Winter, Spring,
MOGK 10100,Autumn,,,
MOGK 10200,Winter,,,
MOGK 10300,Spring,,,
MOGK 20100,Autumn,,,
MOGK 20200,Winter,,,
MOGK 20300,Spring,,,
SWAH 25200,Autumn,,,
SWAH 25300,Winter,,,
SWAH 25400,Spring,,,
SWAH 26800,Autumn,,,
SWAH 26900,Winter,,,
SWAH 27000,Spring,,,
AANL 10101,Autumn,,,
AANL 10102,Winter,,,
AANL 10103,Spring,,,
AANL 20127,Autumn,,,
AANL 20128,Spring,,,
AANL 20301,Autumn,,,
AANL 20302,Spring,,,
AKKD 10101,Autumn,,,
AKKD 10102,Winter,,,
AKKD 10103,Spring,,,
AKKD 20601,Autumn,,,
ARAB 10101,Autumn,,,
ARAB 10102,Winter,,,
ARAB 10103,Spring,,,
ARAB 10250,Winter,,,
ARAB 10254,Spring,,,
ARAB 19999,Autumn,,,
ARAB 20101,Autumn,,,
ARAB 20102,Winter,,,
ARAB 20103,Spring,,,
ARAB 20351,Autumn,,,
ARAB 20390,,,,
ARAB 20588,Winter,,,
ARAB 29001,Autumn,,,
ARAM 10101,Autumn,,,
ARAM 10102,Spring,,,
ARAM 10103,Winter,,,
ARME 10101,Autumn,,,
ARME 10102,Winter,,,
ARME 10103,Spring,,,
ARME 10501,Winter,,,
ARME 20101,Autumn,,,
ARME 20102,Winter,,,
ARME 20103,Spring,,,
EGPT 10101,Autumn,,,
EGPT 10102,Winter,,,
EGPT 10103,Spring,,,
EGPT 10201,Autumn,,,
EGPT 10202,Autumn,,,
EGPT 20101,Autumn,,,
EGPT 20102,Winter,,,
EGPT 20110,Spring,,,
EGPT 20210,Spring,,,
EGPT 20211,Autumn,,,
GEEZ 10101,Spring,,,
GEEZ 10102,Spring,,,
HEBR 10101,Autumn,,,
HEBR 10102,Winter,,,
HEBR 10103,Spring,,,
HEBR 10501,Autumn,,,
HEBR 10502,Winter,,,
HEBR 10503,Spring,,,
HEBR 20104,Autumn,,,
HEBR 20105,Winter,,,
HEBR 20106,Spring,,,
HEBR 20501,Autumn,,,
HEBR 20502,Winter,,,
HEBR 20503,Spring,,,
KAZK 10101,Autumn,,,
KAZK 10102,Winter,,,
KAZK 10103,Spring,,,
KAZK 20101,Autumn,,,
KAZK 20102,Winter,,,
KAZK 20103,Spring,,,
NEAA 10630,Winter,,,
NEAA 10631,Winter,,,
NEAA 20001,Autumn,,,
NEAA 20002,Spring,,,
NEAA 20003,Spring,,,
NEAA 20004,Autumn,,,
NEAA 20005,Winter,,,
NEAA 20006,Winter,,,
NEAA 20045,Spring,,,
NEAA 20051,Winter,,,
NEAA 20061,Autumn,,,
NEAA 20062,Winter,,,
NEAA 20070,Winter,,,
NEAA 20071,Autumn,,,
NEAA 20250,Spring,,,
NEAA 20310,Winter,,,
NEAA 20330,Winter,,,
NEAA 20501,Autumn,,,
NEAA 20533,Spring,,,
NEAA 26712,Autumn,,,
NEAA 29700,Autumn, Winter, Spring,
NEHC 10101,Spring,,,
NEHC 16709,Winter,,,
NEHC 20003,Spring,,,
NEHC 20006,Winter,,,
NEHC 20011,Autumn,,,
NEHC 20012,Winter,,,
NEHC 20013,Spring,,,
NEHC 20030,Autumn,,,
NEHC 20037,Winter,,,
NEHC 20050,Spring,,,
NEHC 20075,Winter,,,
NEHC 20085,Spring,,,
NEHC 20121,Winter,,,
NEHC 20223,Winter,,,
NEHC 20226,Autumn,,,
NEHC 20287,Spring,,,
NEHC 20416,Autumn,,,
NEHC 20417,Winter,,,
NEHC 20418,Spring,,,
NEHC 20501,Autumn,,,
NEHC 20502,Winter,,,
NEHC 20503,Spring,,,
NEHC 20504,Autumn,,,
NEHC 20550,Spring,,,
NEHC 20568,Winter,,,
NEHC 20583,Autumn,,,
NEHC 20585,Winter,,,
NEHC 20600,Winter,,,
NEHC 20601,Autumn,,,
NEHC 20602,Winter,,,
NEHC 20603,Spring,,,
NEHC 20605,Autumn,,,
NEHC 20634,Autumn,,,
NEHC 20659,Winter,,,
NEHC 20765,Spring,,,
NEHC 20827,Winter,,,
NEHC 20885,Autumn,,,
NEHC 21702,Spring,,,
NEHC 26016,Spring,,,
NEHC 29700,Autumn,Winter,Spring,
NEHC 29800,Autumn,,,
NEHC 29999,Winter,,,
NELG 10100,Autumn,,,
NELG 10200,Winter,,,
NELG 10300,Spring,,,
NELG 20100,Autumn,,,
NELG 20200,Winter,,,
NELG 20300,Spring,,,
PERS 10101,Autumn,,,
PERS 10102,Winter,,,
PERS 10103,Spring,,,
PERS 20101,Autumn,,,
PERS 20102,Winter,,,
PERS 20103,Spring,,,
SUMR 10101,Winter,,,
SUMR 10102,Spring,,,
SUMR 10103,Autumn,,,
SUMR 20310,Spring,,,
TURK 10101,Autumn,,,
TURK 10102,Winter,,,
TURK 10103,Spring,,,
TURK 10105,Autumn,,,
TURK 10106,Winter,,,
TURK 10107,Spring,,,
TURK 20101,Autumn,,,
TURK 20102,Winter,,,
TURK 20103,Spring,,,
UGAR 20101,Autumn,,,
UGAR 20102,Winter,,,
UGAR 20103,Spring,,,
LACS 16100,Autumn,,,
LACS 16200,Winter,,,
LACS 16300,Spring,,,
LACS 22501,Winter,,,
LACS 22502,Spring,,,
LACS 22503,Winter,,,
LACS 24705,Autumn,,,
LACS 25109,Spring,,,
LACS 25110,Autumn,,,
LACS 25111,Spring,,,
LACS 25112,Autumn,,,
LACS 26121,Spring,,,
LACS 26123,Autumn,,,
LACS 26219,Spring,,,
LACS 26412,Spring,,,
LACS 26413,Spring,,,
LACS 27901,Autumn,,,
LACS 27902,Winter,,,
LACS 27903,Spring,,,
LACS 29700,Summer,Autumn,Winter,Spring
LACS 29801,Autumn,,,
LACS 29900,Summer,Autumn,Winter,Spring
CHDV 14510,Autumn,,,
CHDV 20000,Autumn,,,
CHDV 20100,Winter,,,
CHDV 20101,Autumn,,,
CHDV 20140,Spring,,,
CHDV 20150,Autumn,,,
CHDV 20177,Spring,,,
CHDV 20209,Winter,,,
CHDV 20240,Spring,,,
CHDV 20300,Winter,,,
CHDV 20305,Winter,,,
CHDV 20400,Winter,,,
CHDV 20440,Spring,,,
CHDV 20505,Autumn,,,
CHDV 20636,Autumn,,,
CHDV 20773,Spring,,,
CHDV 20882,Spring,,,
CHDV 21000,Autumn,,,
CHDV 21400,Winter,,,
CHDV 21401,Spring,,,
CHDV 21920,Winter,,,
CHDV 23204,Winter,,,
CHDV 23249,Winter,,,
CHDV 23900,Winter,,,
CHDV 25100,Winter,,,
CHDV 25900,Spring,,,
CHDV 26000,Autumn,,,
CHDV 26901,Winter,,,
CHDV 27657,Winter,,,
CHDV 27821,Autumn,,,
CHDV 27903,Autumn,,,
CHDV 27950,Autumn,,,
CHDV 28901,Autumn,,,
CHDV 29700,Autumn, Winter, Spring,
CHDV 29701,Autumn,,,
CHDV 29800,Spring,,,
CHDV 29900,Autumn,Winter,,
JWSC 11000,Autumn,,,
JWSC 11100,Spring,,,
JWSC 11200,Winter,,,
JWSC 20120,Autumn,,,
JWSC 20121,Winter,,,
JWSC 20150,Autumn,,,
JWSC 20151,Spring,,,
JWSC 20223,Winter,,,
JWSC 20224,Spring,,,
JWSC 20226,Autumn,,,
JWSC 20231,Spring,,,
JWSC 20300,Autumn,,,
JWSC 20400,Winter,,,
JWSC 20500,Spring,,,
JWSC 21107,Spring,,,
JWSC 22000,Autumn,,,
JWSC 22100,Winter,,,
JWSC 22200,Spring,,,
JWSC 22300,Autumn,,,
JWSC 22400,Winter,,,
JWSC 22500,Spring,,,
JWSC 23402,Spring,,,
JWSC 25000,Autumn,,,
JWSC 25100,Winter,,,
JWSC 25200,Spring,,,
JWSC 25300,Autumn,,,
JWSC 25400,Winter,,,
JWSC 25500,Spring,,,
JWSC 25600,Autumn,,,
JWSC 25601,Spring,,,
JWSC 25700,Winter,,,
JWSC 25800,Spring,,,
JWSC 26215,Winter,,,
JWSC 27301,Autumn,,,
JWSC 27401,Winter,,,
JWSC 29700,Autumn, Winter, Spring,
JWSC 29900,Autumn, Winter, Spring,
GLST 23101,Autumn,,,
GLST 23102,Winter,,,
GLST 24104,Winter,,,
GLST 24105,Spring,,,
GLST 24106,Spring,,,
GLST 24107,Spring,,,
GLST 27702,Autumn,,,
GLST 28001,Spring,,,
GLST 29700,Autumn,Winter,Spring,
GLST 29800,Autumn,,,
GLST 29801,Winter,,,
HIST 10101,Winter,,,
HIST 10102,Spring,,,
HIST 10301,Winter,,,
HIST 10800,Winter,,,
HIST 10900,Spring,,,
HIST 12101,Autumn,,,
HIST 12700,Winter,,,
HIST 12800,Spring,,,
HIST 13001,Autumn,Winter,,
HIST 13002,Winter,Spring,,
HIST 13003,Spring,,,
HIST 13100,Summer,Autumn,,
HIST 13200,Summer,Winter,,
HIST 13300,Summer,Spring,,
HIST 13500,Autumn,,,
HIST 13600,Winter,,,
HIST 13700,Spring,,,
HIST 13802,Autumn,,,
HIST 13900,Autumn,,,
HIST 14000,Winter,,,
HIST 14801,Winter,,,
HIST 15002,Autumn,,,
HIST 15100,Summer,Autumn,,
HIST 15200,Summer,Winter,,
HIST 15300,Spring,,,
HIST 15602,Autumn,,,
HIST 15603,Winter,,,
HIST 15604,Spring,,,
HIST 15702,Autumn,,,
HIST 15703,Winter,,,
HIST 15704,Winter,,,
HIST 15801,Spring,,,
HIST 16101,Autumn,,,
HIST 16102,Winter,,,
HIST 16103,Spring,,,
HIST 16601,Winter,,,
HIST 16700,Autumn,,,
HIST 16800,Winter,,,
HIST 16900,Spring,,,
HIST 17300,Autumn,,,
HIST 17400,Winter,,,
HIST 17402,Autumn,,,
HIST 17501,Spring,,,
HIST 17502,Spring,,,
HIST 17503,Autumn,,,
HIST 17604,Spring,,,
HIST 17807,Winter,,,
HIST 18201,Autumn,,,
HIST 18301,Autumn,,,
HIST 18302,Winter,,,
HIST 18303,Spring,,,
HIST 18805,Winter,,,
HIST 20209,Winter,,,
HIST 20403,Spring,,,
HIST 20506,Spring,,,
HIST 21007,Winter,,,
HIST 21701,Autumn,,,
HIST 21702,Spring,,,
HIST 22900,Autumn,,,
HIST 23304,Spring,,,
HIST 23410,Spring,,,
HIST 23704,Autumn,,,
HIST 24307,Autumn,,,
HIST 24308,Autumn,,,
HIST 24500,Winter,,,
HIST 24507,Spring,,,
HIST 24510,Spring,,,
HIST 24601,Spring,,,
HIST 24700,Winter,,,
HIST 24706,Spring,,,
HIST 25014,Winter,,,
HIST 25109,Winter,,,
HIST 25414,Spring,,,
HIST 25420,Spring,,,
HIST 25503,Winter,,,
HIST 25506,Spring,,,
HIST 25610,Autumn,,,
HIST 25613,Winter,,,
HIST 25701,Autumn,,,
HIST 25704,Autumn,,,
HIST 25804,Winter,,,
HIST 25904,Spring,,,
HIST 26005,Autumn,,,
HIST 26116,Spring,,,
HIST 26117,Spring,,,
HIST 26121,Spring,,,
HIST 26122,Autumn,,,
HIST 26123,Autumn,,,
HIST 26219,Spring,,,
HIST 26316,Autumn,,,
HIST 26409,Winter,,,
HIST 26415,Autumn,,,
HIST 26509,Spring,,,
HIST 26511,Winter,,,
HIST 26602,Autumn,,,
HIST 26710,Autumn,,,
HIST 26818,Autumn,,,
HIST 26904,Spring,,,
HIST 27001,Winter,,,
HIST 27006,Winter,,,
HIST 27102,Winter,,,
HIST 27207,Autumn,,,
HIST 27306,Autumn,,,
HIST 27406,Autumn,,,
HIST 27506,Winter,,,
HIST 27705,Spring,,,
HIST 27708,Spring,,,
HIST 28000,Autumn,,,
HIST 28703,Winter,,,
HIST 28800,Autumn,,,
HIST 28805,Autumn,,,
HIST 28900,Autumn,,,
HIST 29102,Autumn,,,
HIST 29408,Winter,,,
HIST 29630,Autumn,,,
HIST 29632,Spring,,,
HIST 29642,Spring,,,
HIST 29651,Spring,,,
HIST 29652,Autumn,,,
HIST 29663,Winter,,,
HIST 29665,Winter,,,
HIST 29666,Spring,,,
HIST 29700,Summer,Autumn,Winter,Spring
HIST 29801,Autumn,Spring,,
HIST 29802,Winter,,,
HIST 29902,Spring,,,
HIST 29906,Spring,,,
PBPL 20000,Autumn,Spring,,
PBPL 20305,Winter,,,
PBPL 21800,Spring,,,
PBPL 22100,Autumn,,,
PBPL 22200,Winter,,,
PBPL 22300,Autumn,Spring,,
PBPL 23000,Autumn,,,
PBPL 23100,Winter,,,
PBPL 23200,Spring,,,
PBPL 23600,Autumn,,,
PBPL 24000,Autumn,,,
PBPL 24100,Autumn,,,
PBPL 24500,Spring,,,
PBPL 24510,Autumn,,,
PBPL 24701,Autumn,,,
PBPL 24751,Autumn,Winter,Spring,
PBPL 24800,Winter,,,
PBPL 25105,Spring,,,
PBPL 25405,Spring,,,
PBPL 25810,Spring,,,
PBPL 25860,Winter,,,
PBPL 26002,Spring,,,
PBPL 26200,Winter,,,
PBPL 26300,Spring,,,
PBPL 26301,Autumn,,,
PBPL 26400,Spring,,,
PBPL 26444,Spring,,,
PBPL 26530,Spring,,,
PBPL 26531,Spring,,,
PBPL 26700,Spring,,,
PBPL 27000,Spring,,,
PBPL 27040,Winter,,,
PBPL 27070,Spring,,,
PBPL 27750,Autumn,,,
PBPL 27751,Winter,,,
PBPL 27800,Winter,,,
PBPL 27809,Winter,,,
PBPL 27821,Autumn,,,
PBPL 27823,Spring,,,
PBPL 27900,Autumn,,,
PBPL 28050,Spring,,,
PBPL 28270,Winter,,,
PBPL 28350,Winter,,,
PBPL 28501,Autumn,Winter,Spring,
PBPL 28605,Autumn,,,
PBPL 28702,Autumn,,,
PBPL 28730,Winter,,,
PBPL 28750,Winter,,,
PBPL 28805,Spring,,,
PBPL 28920,Winter,,,
PBPL 29000,Autumn,,,
PBPL 29050,Winter,,,
PBPL 29120,Spring,,,
PBPL 29294,Winter,,,
PBPL 29355,Spring,,,
PBPL 29600,Autumn,Winter,Spring,
PBPL 29700,Autumn,Winter,Spring,
PBPL 29800,Autumn,,,
PBPL 29900,Autumn,Winter,Spring,
CMLT 20109,Winter,,,
CMLT 20226,Autumn,,,
CMLT 20231,Spring,,,
CMLT 20505,Spring,,,
CMLT 20510,Spring,,,
CMLT 21101,Winter,,,
CMLT 21202,Spring,,,
CMLT 21702,Autumn,,,
CMLT 21703,Winter,,,
CMLT 21815,Spring,,,
CMLT 22301,Autumn,,,
CMLT 22400,Autumn,,,
CMLT 22500,Winter,,,
CMLT 23201,Autumn,,,
CMLT 23301,Winter,,,
CMLT 23702,Winter,,,
CMLT 24017,Spring,,,
CMLT 25001,Autumn,,,
CMLT 25014,Autumn,,,
CMLT 25017,Winter,,,
CMLT 25102,Spring,,,
CMLT 25103,Spring,,,
CMLT 25801,Spring,,,
CMLT 26106,Spring,,,
CMLT 26301,Spring,,,
CMLT 26400,Autumn,,,
CMLT 26600,Winter,,,
CMLT 26700,Autumn,,,
CMLT 26902,Autumn,,,
CMLT 27003,Winter,,,
CMLT 27114,Autumn,,,
CMLT 27402,Spring,,,
CMLT 27451,Winter,,,
CMLT 27517,Winter,,,
CMLT 28240,Winter,,,
CMLT 28610,Winter,,,
CMLT 28900,Spring,,,
CMLT 29101,Spring,,,
CMLT 29700,Autumn, Winter, Spring,
CMLT 29701,Autumn,,,
CMLT 29705,Winter,,,
CMLT 29801,Autumn, Winter, Spring,
TAPS 10100,Autumn,Winter,Spring,
TAPS 10200,Autumn,Winter,Spring,
TAPS 10300,Autumn,Winter,Spring,
TAPS 10500,Autumn,,,
TAPS 10700,Autumn,Spring,,
TAPS 15500,Autumn,Winter,,
TAPS 18600,Winter,,,
TAPS 20100,Winter,,,
TAPS 20700,Winter,,,
TAPS 20800,Autumn,,,
TAPS 21600,Winter,Spring,,
TAPS 21700,Spring,,,
TAPS 21800,Autumn,,,
TAPS 22100,Winter,,,
TAPS 22500,Spring,,,
TAPS 23000,Autumn,Winter,,
TAPS 23100,Spring,,,
TAPS 23600,Autumn,Winter,,
TAPS 23700,Autumn,,,
TAPS 23900,Spring,,,
TAPS 24000,Spring,,,
TAPS 24300,Autumn,,,
TAPS 24500,Spring,,,
TAPS 24900,Winter,,,
TAPS 25200,Autumn,,,
TAPS 25500,Spring,,,
TAPS 26100,Autumn,,,
TAPS 27100,Autumn,,,
TAPS 27500,Spring,,,
TAPS 27800,Winter,,,
TAPS 27900,Autumn,,,
TAPS 28000,Spring,,,
TAPS 28100,Spring,,,
TAPS 28414,Autumn,,,
TAPS 28422,Spring,,,
TAPS 28443,Winter,,,
TAPS 28444,Autumn,Winter,Spring,
TAPS 28445,Autumn,Winter,Spring,
TAPS 28448,Autumn,,,
TAPS 28466,Autumn,,,
TAPS 28500,Autumn,Winter,Spring,
TAPS 28600,Autumn,Winter,Spring,
TAPS 28700,Autumn,Winter,Spring,
TAPS 28800,Autumn,Winter,Spring,
TAPS 28900,Autumn,Winter,Spring,
TAPS 29000,Autumn,Winter,Spring,
TAPS 29100,Autumn,Winter,Spring,
TAPS 29200,Autumn,Winter,Spring,
TAPS 29300,Autumn,Winter,Spring,
TAPS 29400,Autumn,Winter,Spring,
TAPS 29500,Autumn,Winter,Spring,
TAPS 29700,Autumn,Winter,Spring,
TAPS 29800,Autumn, Winter,,
MENG 20000,Autumn,,,
MENG 20100,Spring,,,
MENG 21000,Winter,,,
MENG 23000,Winter,,,
MENG 23100,Spring,,,
MENG 23310,Spring,,,
MENG 23320,Autumn,,,
MENG 23700,Winter,,,
MENG 24100,Winter,,,
MENG 24200,Spring,,,
MENG 24300,Spring,,,
MENG 24310,Winter,,,
MENG 25000,Spring,,,
MENG 26010,Spring,,,
MENG 26020,Spring,,,
MENG 26030,Autumn,,,
MENG 26101,Autumn,,,
MENG 26102,Winter,,,
MENG 26201,Winter,,,
MENG 26202,Spring,,,
MENG 27100,Autumn,,,
MENG 27200,Winter,,,
MENG 27300,Autumn,,,
MENG 29500,Winter,,,
MENG 29501,Autumn,,,
MENG 29600,Spring,,,
MENG 29700,Autumn, Winter, Spring,
ISHU 29802,Spring,,,
ISHU 29900,Autumn, Winter, Spring,
STAT 20000,Autumn,Winter,Spring,
STAT 22000,Autumn,Winter,Spring,
STAT 22200,Spring,,,
STAT 22400,Autumn, Spring,,
STAT 22600,Winter,,,
STAT 22700,Winter,,,
STAT 22810,Autumn,,,
STAT 23400,Autumn,Winter,Spring,
STAT 24300,Autumn,,,
STAT 24400,Autumn,Winter,,
STAT 24410,Autumn,,,
STAT 24500,Winter,Spring,,
STAT 24610,Spring,,,
STAT 25100,Autumn,Spring,,
STAT 25150,Spring,,,
STAT 25300,Winter,,,
STAT 26100,Winter,Spring,,
STAT 26700,Spring,,,
STAT 27400,Autumn,,,
STAT 27725,Autumn,,,
STAT 27850,Winter,,,
STAT 28000,Spring,,,
STAT 28200,Winter,,,
STAT 29700,Autumn, Winter, Spring,
STAT 29900,Autumn, Winter, Spring,
ARTV 10100,Autumn,Winter,Spring,
ARTV 10200,Autumn,Winter,Spring,
ARTV 10300,Autumn,Winter,Spring,
ARTV 15000,Autumn,,,
ARTV 20009,Spring,,,
ARTV 20201,Autumn,,,
ARTV 20410,Winter,,,
ARTV 20805,Autumn,,,
ARTV 20940,Spring,,,
ARTV 21002,Spring,,,
ARTV 21110,Winter,,,
ARTV 21501,Spring,,,
ARTV 21701,Winter,,,
ARTV 21902,Winter,,,
ARTV 22000,Winter,,,
ARTV 22002,Winter,,,
ARTV 22309,Autumn,,,
ARTV 22310,Spring,,,
ARTV 22500,Autumn,,,
ARTV 22502,Spring,,,
ARTV 23801,Autumn,,,
ARTV 23804,Winter,,,
ARTV 23806,Spring,,,
ARTV 23904,Winter,,,
ARTV 23905,Autumn, Winter,,
ARTV 23930,Autumn,,,
ARTV 24000,Autumn,Winter,,
ARTV 24112,Spring,,,
ARTV 24121,Spring,,,
ARTV 24131,Winter,,,
ARTV 24201,Autumn,,,
ARTV 24266,Winter,,,
ARTV 24301,Autumn,,,
ARTV 24403,Spring,,,
ARTV 24550,Autumn,,,
ARTV 24703,Autumn,,,
ARTV 24705,Spring,,,
ARTV 25300,Autumn,Winter,Spring,
ARTV 26000,Autumn,,,
ARTV 26214,Winter,,,
ARTV 26500,Autumn,,,
ARTV 26600,Winter,,,
ARTV 27200,Autumn,,,
ARTV 27210,Spring,,,
ARTV 28204,Spring,,,
ARTV 29600,Spring,,,
ARTV 29700,Autumn, Winter, Spring,
ARTV 29850,Autumn,,,
ARTV 29900,Winter,,,
HIPS 15002,Autumn,,,
HIPS 17300,Autumn,,,
HIPS 17400,Winter,,,
HIPS 17402,Winter,,,
HIPS 17501,Autumn,,,
HIPS 17502,Spring,,,
HIPS 17503,Spring,,,
HIPS 20003,Winter,,,
HIPS 20300,Winter,,,
HIPS 20500,Winter,,,
HIPS 20700,Autumn,,,
HIPS 20800,Autumn,,,
HIPS 20905,Autumn,,,
HIPS 21000,Winter,,,
HIPS 21100,Winter,,,
HIPS 21200,Spring,,,
HIPS 21301,Winter,,,
HIPS 21400,Autumn,,,
HIPS 22000,Autumn,,,
HIPS 22300,Winter,,,
HIPS 22700,Spring,,,
HIPS 23000,Spring,,,
HIPS 23600,Spring,,,
HIPS 23700,Spring,,,
HIPS 23900,Winter,,,
HIPS 24000,Spring,,,
HIPS 24300,Autumn,,,
HIPS 25014,Winter,,,
HIPS 25205,Autumn,,,
HIPS 25506,Spring,,,
HIPS 25600,Spring,,,
HIPS 25901,Autumn,,,
HIPS 25902,Spring,,,
HIPS 26000,Winter,,,
HIPS 26121,Spring,,,
HIPS 26203,Winter,,,
HIPS 26502,Spring,,,
HIPS 27300,Spring,,,
HIPS 27301,Winter,,,
HIPS 28101,Autumn,,,
HIPS 28202,Spring,,,
HIPS 28305,Spring,,,
HIPS 28601,Winter,,,
HIPS 28801,Autumn,,,
HIPS 29623,Spring,,,
HIPS 29700,Autumn, Winter, Spring,
HIPS 29800,Winter,,,
HIPS 29810,Autumn, Winter, Spring,
HIPS 29900,Autumn, Winter, Spring,
CHEM 00111,Autumn,,,
CHEM 00112,Winter,,,
CHEM 00113,Spring,,,
CHEM 00220,Autumn,,,
CHEM 00221,Winter,,,
CHEM 00222,Spring,,,
CHEM 10100,Autumn,,,
CHEM 10200,Winter,,,
CHEM 11100,Autumn,,,
CHEM 11200,Winter,,,
CHEM 11300,Spring,,,
CHEM 12100,Autumn,,,
CHEM 12200,Winter,,,
CHEM 12300,Spring,,,
CHEM 20100,Winter,,,
CHEM 20200,Spring,,,
CHEM 22000,Autumn,,,
CHEM 22100,Winter,,,
CHEM 22200,Spring,,,
CHEM 22700,Spring,,,
CHEM 23000,Autumn,,,
CHEM 23100,Winter,,,
CHEM 23200,Spring,,,
CHEM 23300,Autumn,,,
CHEM 26100,Autumn,,,
CHEM 26200,Winter,,,
CHEM 26300,Spring,,,
CHEM 26700,Winter,,,
CHEM 26800,Spring,,,
CHEM 29600,Autumn, Winter, Spring,
CHEM 29900,Summer, Autumn, Winter, Spring
CHEM 30100,Autumn,,,
CHEM 30200,Winter,,,
CHEM 30400,Autumn,,,
CHEM 30500,Autumn,,,
CHEM 30600,Winter,,,
CHEM 30900,Spring,,,
CHEM 31100,Spring,,,
CHEM 32100,Autumn,,,
CHEM 32200,Autumn,,,
CHEM 32300,Winter,,,
CHEM 32400,Winter,,,
CHEM 32500,Spring,,,
CHEM 32900,Autumn,,,
CHEM 33000,Spring,,,
CHEM 33100,Spring,,,
CHEM 33200,Autumn,,,
CHEM 33300,Winter,,,
CHEM 33400,Winter,,,
CHEM 36100,Autumn,,,
CHEM 36200,Winter,,,
CHEM 36300,Autumn,,,
CHEM 36400,Winter,,,
CHEM 36500,Spring,,,
CHEM 36800,Spring,,,
CHEM 36900,Spring,,,
CHEM 37100,Spring,,,
CHEM 37200,Spring,,,
CHEM 38700,Spring,,,
CHEM 51100,Spring,,,
NCDV 29700,Autumn, Winter, Spring,
NCDV 29800,Autumn, Winter, Spring,
NCDV 29900,Autumn,Winter,Spring,
GEOG 20000,Autumn,,,
GEOG 20100,Winter,,,
GEOG 20500,Autumn,,,
GEOG 21900,Autumn,,,
GEOG 22100,Winter,,,
GEOG 22700,Autumn,,,
GEOG 23500,Winter,,,
GEOG 23700,Spring,,,
GEOG 24000,Autumn,,,
GEOG 24100,Autumn,,,
GEOG 24200,Spring,,,
GEOG 25300,Spring,,,
GEOG 25400,Autumn,,,
GEOG 25500,Winter,,,
GEOG 25800,Winter,,,
GEOG 26100,Autumn,,,
GEOG 26600,Spring,,,
GEOG 26800,Spring,,,
GEOG 26900,Winter,,,
GEOG 28201,Autumn,,,
GEOG 28400,Winter,,,
GEOG 28600,Spring,,,
GEOG 28800,Spring,,,
GEOG 29100,Autumn, Winter, Spring,
GEOG 29300,Autumn, Winter, Spring,
GEOG 29400,Autumn,,,
GEOG 29500,Winter,,,
GEOG 29700,Autumn, Winter, Spring,
GEOG 29800,Winter,,,
PHIL 20100,Autumn,,,
PHIL 20212,Spring,,,
PHIL 20616,Spring,,,
PHIL 20710,Winter,,,
PHIL 20721,Autumn,,,
PHIL 20724,Autumn,,,
PHIL 20925,Spring,,,
PHIL 21000,Winter,,,
PHIL 21112,Winter,,,
PHIL 21113,Winter,,,
PHIL 21502,Winter,,,
PHIL 21506,Spring,,,
PHIL 21507,Spring,,,
PHIL 21600,Spring,,,
PHIL 21601,Spring,,,
PHIL 21606,Autumn,,,
PHIL 21834,Spring,,,
PHIL 21901,Spring,,,
PHIL 22000,Winter,,,
PHIL 22001,Spring,,,
PHIL 22209,Winter,,,
PHIL 22220,Autumn,,,
PHIL 22515,Autumn,,,
PHIL 22709,Autumn,,,
PHIL 22960,Autumn,,,
PHIL 23005,Winter,,,
PHIL 23205,Autumn,,,
PHIL 23307,Spring,,,
PHIL 24301,Spring,,,
PHIL 24800,Autumn,,,
PHIL 25000,Autumn,,,
PHIL 25101,Spring,,,
PHIL 25200,Winter,,,
PHIL 26000,Winter,,,
PHIL 26200,Spring,,,
PHIL 27000,Spring,,,
PHIL 27201,Winter,,,
PHIL 27202,Spring,,,
PHIL 28203,Spring,,,
PHIL 28210,Autumn,,,
PHIL 29200,Winter,Spring,,
PHIL 29300,Winter,Spring,,
PHIL 29400,Winter,,,
PHIL 29405,Autumn,,,
PHIL 29411,Winter,,,
PHIL 29425,Spring,,,
PHIL 29601,Autumn,,,
PHIL 29700,Autumn,Winter,Spring,
PHIL 29901,Autumn,Winter,,
PHIL 29902,Winter,Spring,,
GNSE 10310,Autumn,,,
GNSE 11002,Winter,,,
GNSE 15002,Autumn,,,
GNSE 15003,Winter,,,
GNSE 20170,Autumn,,,
GNSE 21001,Autumn,,,
GNSE 21400,Winter,,,
GNSE 21500,Winter,,,
GNSE 22904,Winter,,,
GNSE 22905,Winter,,,
GNSE 23100,Autumn,,,
GNSE 23103,Spring,,,
GNSE 23104,Spring,,,
GNSE 23603,Winter,,,
GNSE 27702,Winter,,,
GNSE 28604,Autumn,,,
GNSE 29600,Spring,,,
GNSE 29700,Summer, Autumn, Winter, Spring
GNSE 29800,Autumn,,,
GNSE 29900,Summer, Autumn, Winter, Spring
GNSE 50101,Autumn,Winter,Spring,
CATA 11100,Autumn,Spring,,
CATA 11200,Winter,,,
CATA 21100,Autumn,,,
CATA 21600,Spring,,,
CATA 21900,Winter,,,
CATA 22900,Spring,,,
CATA 29700,Autumn, Winter, Spring,
FREN 10100,Autumn,Winter,Spring,
FREN 10123,Summer,,,
FREN 10200,Autumn, Winter, Spring,
FREN 10300,Autumn, Winter, Spring,
FREN 20100,Autumn,Winter,Spring,
FREN 20200,Autumn, Winter, Spring,
FREN 20300,Autumn, Winter, Spring,
FREN 20500,Autumn,Winter,Spring,
FREN 20601,Spring,,,
FREN 21503,Autumn,,,
FREN 21740,Winter,,,
FREN 23110,Winter,,,
FREN 23333,Summer,Winter,,
FREN 23711,Autumn,,,
FREN 24017,Spring,,,
FREN 24410,Spring,,,
FREN 24516,Autumn,,,
FREN 25301,Winter,,,
FREN 29100,Spring,,,
FREN 29616,Spring,,,
FREN 29700,Autumn, Winter, Spring,
FREN 29900,Winter,,,
ITAL 10100,Autumn,,,
ITAL 10123,Autumn,,,
ITAL 10200,Winter,,,
ITAL 10300,Spring,,,
ITAL 12200,Spring,,,
ITAL 20100,Autumn,,,
ITAL 20200,Winter,,,
ITAL 20300,Spring,,,
ITAL 20400,Autumn,,,
ITAL 21100,Spring,,,
ITAL 22210,Spring,,,
ITAL 22600,Winter,,,
ITAL 22914,Autumn,,,
ITAL 23000,Spring,,,
ITAL 23410,Autumn,,,
ITAL 26000,Winter,,,
ITAL 26200,Autumn,,,
ITAL 29700,Autumn, Winter, Spring,
ITAL 29900,Winter,,,
PORT 10100,Autumn,,,
PORT 10200,Winter,,,
PORT 10300,Spring,,,
PORT 12200,Spring,,,
PORT 13100,Summer,,,
PORT 13200,Summer,,,
PORT 14100,Winter,,,
PORT 20100,Autumn,,,
PORT 20200,Winter,,,
PORT 21500,Spring,,,
PORT 21903,Spring,,,
PORT 26810,Winter,,,
PORT 29700,Autumn, Winter, Spring,
SOSC 27501,Autumn,,,
SOSC 27601,Autumn,,,
SOSC 27701,Autumn,,,
SPAN 10100,Autumn,Winter,,
SPAN 10123,Summer,,,
SPAN 10200,Autumn,Winter,Spring,
SPAN 10300,Autumn,Winter,Spring,
SPAN 20100,Autumn, Winter, Spring,
SPAN 20200,Autumn, Winter, Spring,
SPAN 20300,Autumn, Winter, Spring,
SPAN 20303,Autumn,,,
SPAN 20400,Autumn,Winter,Spring,
SPAN 20402,Autumn,,,
SPAN 20500,Winter,Spring,,
SPAN 20602,Spring,,,
SPAN 21100,Winter, Spring,,
SPAN 21500,Autumn,,,
SPAN 21703,Autumn,,,
SPAN 21803,Winter,,,
SPAN 21903,Spring,,,
SPAN 21910,Winter,,,
SPAN 22003,Autumn,Spring,,
SPAN 22900,Spring,,,
SPAN 23333,Summer,Spring,,
SPAN 26210,Winter,,,
SPAN 27510,Spring,,,
SPAN 28116,Autumn,,,
SPAN 29117,Winter,,,
SPAN 29200,Spring,,,
SPAN 29700,Autumn, Winter, Spring,
SPAN 29900,Winter,,,
CRES 10200,Autumn,Winter,Spring,
CRES 10800,Summer,Autumn,,
CRES 10900,Summer,Winter,,
CRES 11000,Spring,,,
CRES 16101,Autumn,,,
CRES 16102,Winter,,,
CRES 16103,Spring,,,
CRES 20104,Autumn,,,
CRES 20140,Spring,,,
CRES 20207,Autumn,,,
CRES 20701,Winter,,,
CRES 20702,Winter,,,
CRES 21201,Spring,,,
CRES 21264,Spring,,,
CRES 21903,Spring,,,
CRES 22150,Winter,,,
CRES 22205,Winter,,,
CRES 24001,Autumn,,,
CRES 24002,Winter,,,
CRES 24003,Spring,,,
CRES 24255,Spring,,,
CRES 24601,Autumn,,,
CRES 24706,Spring,,,
CRES 25405,Spring,,,
CRES 27101,Spring,,,
CRES 27302,Autumn,,,
CRES 27303,Autumn,,,
CRES 27501,Winter,,,
CRES 27502,Winter,,,
CRES 27503,Spring,,,
CRES 27504,Spring,,,
CRES 27605,Spring,,,
CRES 27705,Spring,,,
CRES 27900,Spring,,,
CRES 28000,Autumn,,,
CRES 28011,Autumn,,,
CRES 29000,Spring,,,
CRES 29302,Spring,,,
CRES 29800,Autumn, Winter, Spring,
CRES 29900,Autumn,Winter,Spring,
CRES 31800,Autumn,,,
CRES 34501,Autumn,Winter,,
CRES 34502,Spring,,,
CRES 36500,Autumn,,,
BIOS 00199,Summer,Autumn,Winter,Spring
BIOS 00206,Autumn, Winter, Spring, Summer
BIOS 00292,Spring,,,
BIOS 00296,Autumn, Winter,,
BIOS 00299,Summer,Autumn,Winter,Spring
BIOS 02490,Winter,,,
BIOS 10130,Autumn, Winter, Spring,
BIOS 10450,Autumn,,,
BIOS 10451,Winter,,,
BIOS 10500,Autumn,,,
BIOS 10501,Winter,,,
BIOS 10602,Autumn,,,
BIOS 10603,Winter,,,
BIOS 11119,Autumn,,,
BIOS 11125,Winter,,,
BIOS 11128,Spring,,,
BIOS 11132,Spring,,,
BIOS 11140,Autumn, Winter, Spring,
BIOS 12114,Summer,Autumn,Spring,
BIOS 12115,Spring,,,
BIOS 12116,Autumn,,,
BIOS 12117,Spring,,,
BIOS 12118,Autumn,,,
BIOS 12119,Winter,,,
BIOS 13107,Winter,,,
BIOS 13111,Spring,,,
BIOS 13112,Spring,,,
BIOS 13123,Winter,,,
BIOS 13125,Summer,,,
BIOS 13126,Winter,,,
BIOS 13128,Winter,,,
BIOS 13132,Autumn,,,
BIOS 13140,Autumn, Winter,,
BIOS 13253,Spring,,,
BIOS 14112,Winter, Summer,,
BIOS 14114,Spring,,,
BIOS 14115,Spring,,,
BIOS 15106,Winter,,,
BIOS 15115,Winter, Spring,,
BIOS 15123,Spring,,,
BIOS 17101,Autumn,,,
BIOS 20170,Winter,,,
BIOS 20171,Spring,,,
BIOS 20172,Spring,,,
BIOS 20173,Autumn,,,
BIOS 20175,Winter,,,
BIOS 20186,Autumn,,,
BIOS 20187,Winter,,,
BIOS 20188,Spring,,,
BIOS 20189,Spring,,,
BIOS 20190,Autumn,,,
BIOS 20191,Winter,,,
BIOS 20196,Autumn,,,
BIOS 20198,Spring,,,
BIOS 20200,Autumn, Spring, Summer,
BIOS 20234,Autumn,,,
BIOS 20235,Winter,,,
BIOS 20236,Spring,,,
BIOS 20242,Autumn,,,
BIOS 21206,Winter,,,
BIOS 21216,Winter,,,
BIOS 21229,Winter,,,
BIOS 21236,Autumn,,,
BIOS 21237,Winter,,,
BIOS 21238,Winter,,,
BIOS 21249,Spring,,,
BIOS 21317,Spring,,,
BIOS 21328,Spring,,,
BIOS 21349,Spring,,,
BIOS 21356,Spring,,,
BIOS 21358,Winter,,,
BIOS 21407,Spring,,,
BIOS 21415,Winter,,,
BIOS 21416,Autumn,,,
BIOS 21417,Spring,,,
BIOS 21507,Spring,,,
BIOS 22226,Winter,,,
BIOS 22233,Winter,,,
BIOS 22236,Spring,,,
BIOS 22247,Winter,,,
BIOS 22249,Autumn,,,
BIOS 22250,Spring,,,
BIOS 22260,Spring,,,
BIOS 22306,Autumn,,,
BIOS 23100,Spring,,,
BIOS 23232,Spring,,,
BIOS 23233,Spring,,,
BIOS 23247,Winter,,,
BIOS 23248,Autumn,,,
BIOS 23249,Winter,,,
BIOS 23252,Spring,,,
BIOS 23254,Spring,,,
BIOS 23258,Winter,,,
BIOS 23261,Autumn,,,
BIOS 23262,Autumn,,,
BIOS 23266,Autumn,,,
BIOS 23289,Winter,,,
BIOS 23299,Spring,,,
BIOS 23365,Winter,,,
BIOS 23404,Autumn,,,
BIOS 23406,Winter,,,
BIOS 23409,Spring,,,
BIOS 23410,Spring,,,
BIOS 24203,Autumn,,,
BIOS 24204,Winter,,,
BIOS 24205,Spring,,,
BIOS 24206,Autumn,,,
BIOS 24208,Autumn,,,
BIOS 24209,Autumn,,,
BIOS 24217,Winter,,,
BIOS 24218,Spring,,,
BIOS 24231,Winter,,,
BIOS 24232,Spring,,,
BIOS 24248,Spring,,,
BIOS 24249,Winter,,,
BIOS 24408,Spring,,,
BIOS 25108,Winter,,,
BIOS 25109,Spring,,,
BIOS 25126,Spring,,,
BIOS 25206,Autumn,,,
BIOS 25216,Winter,,,
BIOS 25226,Autumn,,,
BIOS 25227,Winter,,,
BIOS 25228,Spring,,,
BIOS 25256,Autumn,,,
BIOS 25258,Winter,,,
BIOS 25260,Autumn,,,
BIOS 25266,Spring,,,
BIOS 25267,Spring,,,
BIOS 25287,Spring,,,
BIOS 25308,Spring,,,
BIOS 25309,Autumn,,,
BIOS 25310,Spring,,,
BIOS 25326,Autumn,,,
BIOS 25327,Winter,,,
BIOS 25407,Winter,,,
BIOS 25419,Spring,,,
BIOS 26120,Autumn,,,
BIOS 26210,Autumn,,,
BIOS 26211,Winter,,,
BIOS 27710,Autumn,,,
BIOS 27711,Autumn,,,
BIOS 27712,Autumn,,,
BIOS 27713,Spring,,,
BIOS 27714,Autumn,,,
BIOS 27715,Autumn,,,
BIOS 27810,Autumn,Winter,,
BIOS 27811,Winter,,,
BIOS 28407,Spring,,,
BIOS 29100,Autumn, Spring,,
BIOS 29265,Autumn,,,
BIOS 29270,Spring,,,
BIOS 29271,Autumn,,,
BIOS 29279,Winter,,,
BIOS 29280,Spring,,,
BIOS 29294,Winter,,,
BIOS 29300,Winter,,,
BIOS 29318,Autumn,,,
BIOS 29323,Spring,,,
BIOS 29325,Winter,,,
BIOS 29326,Spring,,,
BIOS 29327,Spring,,,
BIOS 29812,Winter,Spring,,
ASTR 12600,Autumn,,,
ASTR 12610,Winter,,,
ASTR 12620,Spring,,,
ASTR 12700,Autumn,,,
ASTR 12710,Winter,,,
ASTR 12720,Spring,,,
ASTR 18100,Autumn,,,
ASTR 18200,Spring,,,
ASTR 18300,Spring,,,
ASTR 18500,Spring,,,
ASTR 20000,Autumn,Winter,Spring,
ASTR 21300,Winter,,,
ASTR 24100,Autumn,,,
ASTR 24200,Winter,,,
ASTR 28200,Spring,,,
ASTR 29700,Autumn,Winter,Spring,
